date;station_uuid;diesel;e5;e10;dieselchange;e5change;e10change
2022-09-01 00:02:11;018e8f3e-ae2f-40bc-89c1-bc3fe20eb462;2.319;2.029;1.969;1;1;1
2022-09-01 07:48:15;018e8f3e-ae2f-40bc-89c1-bc3fe20eb462;2.229;2.029;1.969;1;0;0
2022-09-01 09:04:19;018e8f3e-ae2f-40bc-89c1-bc3fe20eb462;2.279;2.089;2.029;1;1;1
2022-09-01 10:29:09;018e8f3e-ae2f-40bc-89c1-bc3fe20eb462;2.249;2.019;1.959;1;1;1
2022-09-01 11:31:09;018e8f3e-ae2f-40bc-89c1-bc3fe20eb462;2.229;2.019;1.959;1;0;0
2022-09-01 11:50:09;018e8f3e-ae2f-40bc-89c1-bc3fe20eb462;2.209;2.019;1.959;1;0;0
2022-09-01 12:05:08;018e8f3e-ae2f-40bc-89c1-bc3fe20eb462;2.259;2.069;2.009;1;1;1
2022-09-01 12:17:09;018e8f3e-ae2f-40bc-89c1-bc3fe20eb462;2.259;2.009;1.949;0;1;1
2022-09-01 13:33:11;018e8f3e-ae2f-40bc-89c1-bc3fe20eb462;2.259;1.969;1.909;0;1;1
2022-09-01 13:47:10;018e8f3e-ae2f-40bc-89c1-bc3fe20eb462;2.259;1.959;1.899;0;1;1
2022-09-01 14:26:08;018e8f3e-ae2f-40bc-89c1-bc3fe20eb462;2.199;1.929;1.869;1;1;1
2022-09-01 14:34:09;018e8f3e-ae2f-40bc-89c1-bc3fe20eb462;2.199;1.919;1.859;0;1;1
2022-09-01 15:06:06;018e8f3e-ae2f-40bc-89c1-bc3fe20eb462;2.239;1.959;1.899;1;1;1
2022-09-01 15:10:09;018e8f3e-ae2f-40bc-89c1-bc3fe20eb462;2.239;1.939;1.879;0;1;1
2022-09-01 15:36:06;018e8f3e-ae2f-40bc-89c1-bc3fe20eb462;2.239;1.929;1.869;0;1;1
2022-09-01 16:27:10;018e8f3e-ae2f-40bc-89c1-bc3fe20eb462;2.209;1.929;1.869;1;0;0
2022-09-01 16:48:08;018e8f3e-ae2f-40bc-89c1-bc3fe20eb462;2.209;1.919;1.859;0;1;1
2022-09-01 17:07:14;018e8f3e-ae2f-40bc-89c1-bc3fe20eb462;2.229;1.939;1.879;1;1;1
2022-09-01 17:15:08;018e8f3e-ae2f-40bc-89c1-bc3fe20eb462;2.229;1.929;1.869;0;1;1
2022-09-01 17:28:09;018e8f3e-ae2f-40bc-89c1-bc3fe20eb462;2.209;1.929;1.869;1;0;0
2022-09-01 17:38:09;018e8f3e-ae2f-40bc-89c1-bc3fe20eb462;2.209;1.899;1.839;0;1;1
2022-09-01 18:39:09;018e8f3e-ae2f-40bc-89c1-bc3fe20eb462;2.189;1.899;1.839;1;0;0
2022-09-01 18:40:09;018e8f3e-ae2f-40bc-89c1-bc3fe20eb462;2.189;1.889;1.829;0;1;1
2022-09-01 19:06:06;018e8f3e-ae2f-40bc-89c1-bc3fe20eb462;2.219;1.919;1.859;1;1;1
2022-09-01 19:10:12;018e8f3e-ae2f-40bc-89c1-bc3fe20eb462;2.219;1.909;1.849;0;1;1
2022-09-01 20:35:09;018e8f3e-ae2f-40bc-89c1-bc3fe20eb462;2.189;1.909;1.849;1;0;0
2022-09-01 20:56:09;018e8f3e-ae2f-40bc-89c1-bc3fe20eb462;2.189;1.889;1.829;0;1;1
2022-09-02 05:01:08;018e8f3e-ae2f-40bc-89c1-bc3fe20eb462;2.189;2.169;2.109;0;1;1
2022-09-02 07:48:08;018e8f3e-ae2f-40bc-89c1-bc3fe20eb462;2.189;2.159;2.099;0;1;1
2022-09-02 09:02:10;018e8f3e-ae2f-40bc-89c1-bc3fe20eb462;2.239;2.209;2.149;1;1;1
2022-09-02 09:08:09;018e8f3e-ae2f-40bc-89c1-bc3fe20eb462;2.239;2.059;1.999;0;1;1
2022-09-02 09:34:09;018e8f3e-ae2f-40bc-89c1-bc3fe20eb462;2.239;2.049;1.989;0;1;1
2022-09-02 09:43:10;018e8f3e-ae2f-40bc-89c1-bc3fe20eb462;2.239;2.019;1.959;0;1;1
2022-09-02 10:32:09;018e8f3e-ae2f-40bc-89c1-bc3fe20eb462;2.229;2.019;1.959;1;0;0
2022-09-02 10:42:08;018e8f3e-ae2f-40bc-89c1-bc3fe20eb462;2.229;1.989;1.929;0;1;1
2022-09-02 11:11:09;018e8f3e-ae2f-40bc-89c1-bc3fe20eb462;2.219;1.989;1.929;1;0;0
2022-09-02 11:20:09;018e8f3e-ae2f-40bc-89c1-bc3fe20eb462;2.209;1.949;1.889;1;1;1
2022-09-02 11:28:09;018e8f3e-ae2f-40bc-89c1-bc3fe20eb462;2.179;1.939;1.879;1;1;1
2022-09-02 11:41:09;018e8f3e-ae2f-40bc-89c1-bc3fe20eb462;2.169;1.909;1.849;1;1;1
2022-09-02 11:47:09;018e8f3e-ae2f-40bc-89c1-bc3fe20eb462;2.159;1.909;1.849;1;0;0
2022-09-02 12:12:09;018e8f3e-ae2f-40bc-89c1-bc3fe20eb462;2.209;1.959;1.899;1;1;1
2022-09-02 12:13:09;018e8f3e-ae2f-40bc-89c1-bc3fe20eb462;2.199;1.929;1.869;1;1;1
2022-09-02 14:12:09;018e8f3e-ae2f-40bc-89c1-bc3fe20eb462;2.189;1.929;1.869;1;0;0
2022-09-02 14:26:08;018e8f3e-ae2f-40bc-89c1-bc3fe20eb462;2.159;1.879;1.819;1;1;1
2022-09-02 14:45:07;018e8f3e-ae2f-40bc-89c1-bc3fe20eb462;2.159;1.869;1.809;0;1;1
2022-09-02 15:03:09;018e8f3e-ae2f-40bc-89c1-bc3fe20eb462;2.199;1.909;1.849;1;1;1
2022-09-02 16:25:11;018e8f3e-ae2f-40bc-89c1-bc3fe20eb462;2.199;1.909;1.849;3;3;3
2022-09-02 16:40:08;018e8f3e-ae2f-40bc-89c1-bc3fe20eb462;2.189;1.909;1.849;1;0;0
2022-09-02 16:45:09;018e8f3e-ae2f-40bc-89c1-bc3fe20eb462;2.179;1.889;1.829;1;1;1
2022-09-02 17:01:08;018e8f3e-ae2f-40bc-89c1-bc3fe20eb462;2.199;1.909;1.849;1;1;1
2022-09-02 18:15:07;018e8f3e-ae2f-40bc-89c1-bc3fe20eb462;2.189;1.889;1.829;1;1;1
2022-09-02 18:34:08;018e8f3e-ae2f-40bc-89c1-bc3fe20eb462;2.169;1.889;1.829;1;0;0
2022-09-02 19:01:07;018e8f3e-ae2f-40bc-89c1-bc3fe20eb462;2.199;1.919;1.859;1;1;1
2022-09-02 19:09:08;018e8f3e-ae2f-40bc-89c1-bc3fe20eb462;2.199;1.909;1.849;0;1;1
2022-09-02 20:34:08;018e8f3e-ae2f-40bc-89c1-bc3fe20eb462;2.179;1.909;1.849;1;0;0
2022-09-02 20:42:09;018e8f3e-ae2f-40bc-89c1-bc3fe20eb462;2.169;1.879;1.819;1;1;1
2022-09-03 05:01:07;018e8f3e-ae2f-40bc-89c1-bc3fe20eb462;2.189;2.169;2.109;1;1;1
2022-09-03 07:51:06;018e8f3e-ae2f-40bc-89c1-bc3fe20eb462;2.189;1.949;1.889;0;1;1
2022-09-03 08:27:08;018e8f3e-ae2f-40bc-89c1-bc3fe20eb462;2.179;1.949;1.889;1;0;0
2022-09-03 08:43:09;018e8f3e-ae2f-40bc-89c1-bc3fe20eb462;2.169;1.949;1.889;1;0;0
2022-09-03 09:02:08;018e8f3e-ae2f-40bc-89c1-bc3fe20eb462;2.219;1.999;1.939;1;1;1
2022-09-03 09:15:07;018e8f3e-ae2f-40bc-89c1-bc3fe20eb462;2.219;1.939;1.879;0;1;1
2022-09-03 11:10:09;018e8f3e-ae2f-40bc-89c1-bc3fe20eb462;2.199;1.939;1.879;1;0;0
2022-09-03 11:20:09;018e8f3e-ae2f-40bc-89c1-bc3fe20eb462;2.179;1.899;1.839;1;1;1
2022-09-03 12:06:05;018e8f3e-ae2f-40bc-89c1-bc3fe20eb462;2.229;1.949;1.889;1;1;1
2022-09-03 12:41:07;018e8f3e-ae2f-40bc-89c1-bc3fe20eb462;2.229;1.939;1.879;0;1;1
2022-09-03 13:27:09;018e8f3e-ae2f-40bc-89c1-bc3fe20eb462;2.199;1.939;1.879;1;0;0
2022-09-03 14:10:09;018e8f3e-ae2f-40bc-89c1-bc3fe20eb462;2.179;1.889;1.829;1;1;1
2022-09-03 14:43:08;018e8f3e-ae2f-40bc-89c1-bc3fe20eb462;2.169;1.889;1.829;1;0;0
2022-09-03 15:01:09;018e8f3e-ae2f-40bc-89c1-bc3fe20eb462;2.209;1.929;1.869;1;1;1
2022-09-03 15:11:07;018e8f3e-ae2f-40bc-89c1-bc3fe20eb462;2.209;1.919;1.859;0;1;1
2022-09-03 16:37:08;018e8f3e-ae2f-40bc-89c1-bc3fe20eb462;2.189;1.919;1.859;1;0;0
2022-09-03 16:46:08;018e8f3e-ae2f-40bc-89c1-bc3fe20eb462;2.179;1.919;1.859;1;0;0
2022-09-03 17:09:11;018e8f3e-ae2f-40bc-89c1-bc3fe20eb462;2.199;1.939;1.879;1;1;1
2022-09-03 17:11:06;018e8f3e-ae2f-40bc-89c1-bc3fe20eb462;2.189;1.899;1.839;1;1;1
2022-09-03 18:31:06;018e8f3e-ae2f-40bc-89c1-bc3fe20eb462;2.169;1.899;1.839;1;0;0
2022-09-03 18:38:08;018e8f3e-ae2f-40bc-89c1-bc3fe20eb462;2.169;1.879;1.819;0;1;1
2022-09-03 19:07:08;018e8f3e-ae2f-40bc-89c1-bc3fe20eb462;2.199;1.909;1.849;1;1;1
2022-09-03 20:55:07;018e8f3e-ae2f-40bc-89c1-bc3fe20eb462;2.169;1.879;1.819;1;1;1
2022-09-04 05:02:08;018e8f3e-ae2f-40bc-89c1-bc3fe20eb462;2.189;2.169;2.109;1;1;1
2022-09-04 07:55:07;018e8f3e-ae2f-40bc-89c1-bc3fe20eb462;2.189;1.949;1.889;0;1;1
2022-09-04 09:04:08;018e8f3e-ae2f-40bc-89c1-bc3fe20eb462;2.239;1.999;1.939;1;1;1
2022-09-04 09:10:09;018e8f3e-ae2f-40bc-89c1-bc3fe20eb462;2.219;1.929;1.869;1;1;1
2022-09-04 11:05:07;018e8f3e-ae2f-40bc-89c1-bc3fe20eb462;2.199;1.929;1.869;1;0;0
2022-09-04 11:12:09;018e8f3e-ae2f-40bc-89c1-bc3fe20eb462;2.179;1.889;1.829;1;1;1
2022-09-04 11:37:06;018e8f3e-ae2f-40bc-89c1-bc3fe20eb462;2.169;1.889;1.829;1;0;0
2022-09-04 12:06:07;018e8f3e-ae2f-40bc-89c1-bc3fe20eb462;2.219;1.939;1.879;1;1;1
2022-09-04 12:45:07;018e8f3e-ae2f-40bc-89c1-bc3fe20eb462;2.219;1.929;1.869;0;1;1
2022-09-04 13:27:08;018e8f3e-ae2f-40bc-89c1-bc3fe20eb462;2.189;1.909;1.849;1;1;1
2022-09-04 14:24:09;018e8f3e-ae2f-40bc-89c1-bc3fe20eb462;2.179;1.889;1.829;1;1;1
2022-09-04 14:41:07;018e8f3e-ae2f-40bc-89c1-bc3fe20eb462;2.169;1.879;1.819;1;1;1
2022-09-04 15:01:06;018e8f3e-ae2f-40bc-89c1-bc3fe20eb462;2.209;1.919;1.859;1;1;1
2022-09-04 16:23:10;018e8f3e-ae2f-40bc-89c1-bc3fe20eb462;2.199;1.919;1.859;1;0;0
2022-09-04 16:39:08;018e8f3e-ae2f-40bc-89c1-bc3fe20eb462;2.189;1.919;1.859;1;0;0
2022-09-04 16:47:08;018e8f3e-ae2f-40bc-89c1-bc3fe20eb462;2.179;1.919;1.859;1;0;0
2022-09-04 17:08:08;018e8f3e-ae2f-40bc-89c1-bc3fe20eb462;2.199;1.939;1.879;1;1;1
2022-09-04 17:13:09;018e8f3e-ae2f-40bc-89c1-bc3fe20eb462;2.189;1.899;1.839;1;1;1
2022-09-04 18:31:07;018e8f3e-ae2f-40bc-89c1-bc3fe20eb462;2.169;1.899;1.839;1;0;0
2022-09-04 18:37:08;018e8f3e-ae2f-40bc-89c1-bc3fe20eb462;2.169;1.879;1.819;0;1;1
2022-09-04 19:02:10;018e8f3e-ae2f-40bc-89c1-bc3fe20eb462;2.199;1.909;1.849;1;1;1
2022-09-04 20:08:08;018e8f3e-ae2f-40bc-89c1-bc3fe20eb462;2.179;1.899;1.839;1;1;1
2022-09-04 20:34:08;018e8f3e-ae2f-40bc-89c1-bc3fe20eb462;2.169;1.879;1.819;1;1;1
2022-09-05 05:01:06;018e8f3e-ae2f-40bc-89c1-bc3fe20eb462;2.189;2.169;2.109;1;1;1
2022-09-05 07:53:08;018e8f3e-ae2f-40bc-89c1-bc3fe20eb462;2.189;1.899;1.839;0;1;1
2022-09-05 09:01:06;018e8f3e-ae2f-40bc-89c1-bc3fe20eb462;2.239;1.949;1.889;1;1;1
2022-09-05 09:46:08;018e8f3e-ae2f-40bc-89c1-bc3fe20eb462;2.219;1.949;1.889;1;0;0
2022-09-05 10:28:09;018e8f3e-ae2f-40bc-89c1-bc3fe20eb462;2.179;1.949;1.889;1;0;0
2022-09-05 11:13:08;018e8f3e-ae2f-40bc-89c1-bc3fe20eb462;2.169;1.949;1.889;1;0;0
2022-09-05 11:24:09;018e8f3e-ae2f-40bc-89c1-bc3fe20eb462;2.169;1.889;1.829;0;1;1
2022-09-05 12:10:09;018e8f3e-ae2f-40bc-89c1-bc3fe20eb462;2.219;1.939;1.879;1;1;1
2022-09-05 12:35:07;018e8f3e-ae2f-40bc-89c1-bc3fe20eb462;2.219;1.929;1.869;0;1;1
2022-09-05 14:08:08;018e8f3e-ae2f-40bc-89c1-bc3fe20eb462;2.199;1.929;1.869;1;0;0
2022-09-05 14:14:08;018e8f3e-ae2f-40bc-89c1-bc3fe20eb462;2.199;1.889;1.829;0;1;1
2022-09-05 15:11:09;018e8f3e-ae2f-40bc-89c1-bc3fe20eb462;2.239;1.929;1.869;1;1;1
2022-09-05 15:30:08;018e8f3e-ae2f-40bc-89c1-bc3fe20eb462;2.229;1.929;1.869;1;0;0
2022-09-05 15:44:08;018e8f3e-ae2f-40bc-89c1-bc3fe20eb462;2.219;1.929;1.869;1;0;0
2022-09-05 16:34:08;018e8f3e-ae2f-40bc-89c1-bc3fe20eb462;2.219;1.909;1.849;0;1;1
2022-09-05 16:48:08;018e8f3e-ae2f-40bc-89c1-bc3fe20eb462;2.199;1.909;1.849;1;0;0
2022-09-05 17:12:08;018e8f3e-ae2f-40bc-89c1-bc3fe20eb462;2.219;1.929;1.869;1;1;1
2022-09-05 17:50:09;018e8f3e-ae2f-40bc-89c1-bc3fe20eb462;2.199;1.929;1.869;1;0;0
2022-09-05 18:17:08;018e8f3e-ae2f-40bc-89c1-bc3fe20eb462;2.199;1.909;1.849;0;1;1
2022-09-05 19:07:09;018e8f3e-ae2f-40bc-89c1-bc3fe20eb462;2.229;1.939;1.879;1;1;1
2022-09-05 19:31:06;018e8f3e-ae2f-40bc-89c1-bc3fe20eb462;2.199;1.939;1.879;1;0;0
2022-09-05 20:49:09;018e8f3e-ae2f-40bc-89c1-bc3fe20eb462;2.199;1.909;1.849;0;1;1
2022-09-06 05:01:07;018e8f3e-ae2f-40bc-89c1-bc3fe20eb462;2.219;2.179;2.119;1;1;1
2022-09-06 07:52:08;018e8f3e-ae2f-40bc-89c1-bc3fe20eb462;2.219;1.929;1.869;0;1;1
2022-09-06 09:01:07;018e8f3e-ae2f-40bc-89c1-bc3fe20eb462;2.269;1.979;1.919;1;1;1
2022-09-06 10:23:09;018e8f3e-ae2f-40bc-89c1-bc3fe20eb462;2.259;1.979;1.919;1;0;0
2022-09-06 11:07:08;018e8f3e-ae2f-40bc-89c1-bc3fe20eb462;2.249;1.979;1.919;1;0;0
2022-09-06 11:15:07;018e8f3e-ae2f-40bc-89c1-bc3fe20eb462;2.229;1.929;1.869;1;1;1
2022-09-06 11:29:09;018e8f3e-ae2f-40bc-89c1-bc3fe20eb462;2.219;1.929;1.869;1;0;0
2022-09-06 12:10:09;018e8f3e-ae2f-40bc-89c1-bc3fe20eb462;2.269;1.979;1.919;1;1;1
2022-09-06 12:14:09;018e8f3e-ae2f-40bc-89c1-bc3fe20eb462;2.259;1.979;1.919;1;0;0
2022-09-06 12:16:09;018e8f3e-ae2f-40bc-89c1-bc3fe20eb462;2.249;1.979;1.919;1;0;0
2022-09-06 12:34:08;018e8f3e-ae2f-40bc-89c1-bc3fe20eb462;2.249;1.959;1.899;0;1;1
2022-09-06 14:08:08;018e8f3e-ae2f-40bc-89c1-bc3fe20eb462;2.229;1.959;1.899;1;0;0
2022-09-06 14:19:09;018e8f3e-ae2f-40bc-89c1-bc3fe20eb462;2.199;1.909;1.849;1;1;1
2022-09-06 14:39:08;018e8f3e-ae2f-40bc-89c1-bc3fe20eb462;2.189;1.909;1.849;1;0;0
2022-09-06 15:02:09;018e8f3e-ae2f-40bc-89c1-bc3fe20eb462;2.229;1.949;1.889;1;1;1
2022-09-06 15:08:08;018e8f3e-ae2f-40bc-89c1-bc3fe20eb462;2.229;1.939;1.879;0;1;1
2022-09-06 16:27:07;018e8f3e-ae2f-40bc-89c1-bc3fe20eb462;2.189;1.909;1.849;1;1;1
2022-09-06 17:02:09;018e8f3e-ae2f-40bc-89c1-bc3fe20eb462;2.209;1.929;1.869;1;1;1
2022-09-06 17:11:07;018e8f3e-ae2f-40bc-89c1-bc3fe20eb462;2.209;1.919;1.859;0;1;1
2022-09-06 17:44:08;018e8f3e-ae2f-40bc-89c1-bc3fe20eb462;2.199;1.919;1.859;1;0;0
2022-09-06 18:10:09;018e8f3e-ae2f-40bc-89c1-bc3fe20eb462;2.179;1.909;1.849;1;1;1
2022-09-06 18:30:09;018e8f3e-ae2f-40bc-89c1-bc3fe20eb462;2.179;1.899;1.839;0;1;1
2022-09-06 19:02:08;018e8f3e-ae2f-40bc-89c1-bc3fe20eb462;2.209;1.929;1.869;1;1;1
2022-09-06 20:33:09;018e8f3e-ae2f-40bc-89c1-bc3fe20eb462;2.199;1.899;1.839;1;1;1
2022-09-06 20:40:10;018e8f3e-ae2f-40bc-89c1-bc3fe20eb462;2.179;1.899;1.839;1;0;0
2022-09-07 05:01:07;018e8f3e-ae2f-40bc-89c1-bc3fe20eb462;2.199;2.159;2.099;1;1;1
2022-09-07 07:50:08;018e8f3e-ae2f-40bc-89c1-bc3fe20eb462;2.199;1.919;1.859;0;1;1
2022-09-07 09:03:08;018e8f3e-ae2f-40bc-89c1-bc3fe20eb462;2.249;1.969;1.909;1;1;1
2022-09-07 09:31:07;018e8f3e-ae2f-40bc-89c1-bc3fe20eb462;2.229;1.969;1.909;1;0;0
2022-09-07 09:41:07;018e8f3e-ae2f-40bc-89c1-bc3fe20eb462;2.229;1.959;1.899;0;1;1
2022-09-07 11:08:08;018e8f3e-ae2f-40bc-89c1-bc3fe20eb462;2.229;1.929;1.869;0;1;1
2022-09-07 11:27:09;018e8f3e-ae2f-40bc-89c1-bc3fe20eb462;2.189;1.899;1.839;1;1;1
2022-09-07 12:05:07;018e8f3e-ae2f-40bc-89c1-bc3fe20eb462;2.239;1.949;1.889;1;1;1
2022-09-07 12:16:08;018e8f3e-ae2f-40bc-89c1-bc3fe20eb462;2.229;1.949;1.889;1;0;0
2022-09-07 13:27:07;018e8f3e-ae2f-40bc-89c1-bc3fe20eb462;2.219;1.929;1.869;1;1;1
2022-09-07 14:14:10;018e8f3e-ae2f-40bc-89c1-bc3fe20eb462;2.179;1.909;1.849;1;1;1
2022-09-07 14:34:09;018e8f3e-ae2f-40bc-89c1-bc3fe20eb462;2.169;1.899;1.839;1;1;1
2022-09-07 15:11:07;018e8f3e-ae2f-40bc-89c1-bc3fe20eb462;2.209;1.939;1.879;1;1;1
2022-09-07 16:43:08;018e8f3e-ae2f-40bc-89c1-bc3fe20eb462;2.189;1.929;1.869;1;1;1
2022-09-07 17:03:08;018e8f3e-ae2f-40bc-89c1-bc3fe20eb462;2.209;1.949;1.889;1;1;1
2022-09-07 17:06:05;018e8f3e-ae2f-40bc-89c1-bc3fe20eb462;2.199;1.919;1.859;1;1;1
2022-09-07 17:12:10;018e8f3e-ae2f-40bc-89c1-bc3fe20eb462;2.189;1.919;1.859;1;0;0
2022-09-07 18:35:07;018e8f3e-ae2f-40bc-89c1-bc3fe20eb462;2.179;1.899;1.839;1;1;1
2022-09-07 18:44:09;018e8f3e-ae2f-40bc-89c1-bc3fe20eb462;2.169;1.899;1.839;1;0;0
2022-09-07 19:03:08;018e8f3e-ae2f-40bc-89c1-bc3fe20eb462;2.199;1.929;1.869;1;1;1
2022-09-07 20:14:08;018e8f3e-ae2f-40bc-89c1-bc3fe20eb462;2.189;1.919;1.859;1;1;1
2022-09-07 20:33:09;018e8f3e-ae2f-40bc-89c1-bc3fe20eb462;2.189;1.899;1.839;0;1;1
2022-09-07 20:37:08;018e8f3e-ae2f-40bc-89c1-bc3fe20eb462;2.169;1.899;1.839;1;0;0
2022-09-08 05:02:09;018e8f3e-ae2f-40bc-89c1-bc3fe20eb462;2.209;2.169;2.109;1;1;1
2022-09-08 07:47:08;018e8f3e-ae2f-40bc-89c1-bc3fe20eb462;2.189;1.959;1.899;1;1;1
2022-09-08 08:30:10;018e8f3e-ae2f-40bc-89c1-bc3fe20eb462;2.189;1.949;1.889;0;1;1
2022-09-08 09:09:08;018e8f3e-ae2f-40bc-89c1-bc3fe20eb462;2.239;1.999;1.939;1;1;1
2022-09-08 09:27:07;018e8f3e-ae2f-40bc-89c1-bc3fe20eb462;2.209;1.989;1.929;1;1;1
2022-09-08 11:20:08;018e8f3e-ae2f-40bc-89c1-bc3fe20eb462;2.159;1.899;1.839;1;1;1
2022-09-08 12:08:08;018e8f3e-ae2f-40bc-89c1-bc3fe20eb462;2.209;1.949;1.889;1;1;1
2022-09-08 14:09:08;018e8f3e-ae2f-40bc-89c1-bc3fe20eb462;2.199;1.929;1.869;1;1;1
2022-09-08 14:19:08;018e8f3e-ae2f-40bc-89c1-bc3fe20eb462;2.189;1.919;1.859;1;1;1
2022-09-08 14:30:09;018e8f3e-ae2f-40bc-89c1-bc3fe20eb462;2.189;1.909;1.849;0;1;1
2022-09-08 14:47:06;018e8f3e-ae2f-40bc-89c1-bc3fe20eb462;2.159;1.889;1.829;1;1;1
2022-09-08 15:08:08;018e8f3e-ae2f-40bc-89c1-bc3fe20eb462;2.199;1.929;1.869;1;1;1
2022-09-08 15:15:08;018e8f3e-ae2f-40bc-89c1-bc3fe20eb462;2.189;1.929;1.869;1;0;0
2022-09-08 16:37:09;018e8f3e-ae2f-40bc-89c1-bc3fe20eb462;2.189;1.889;1.829;0;1;1
2022-09-08 16:46:08;018e8f3e-ae2f-40bc-89c1-bc3fe20eb462;2.149;1.889;1.829;1;0;0
2022-09-08 17:23:08;018e8f3e-ae2f-40bc-89c1-bc3fe20eb462;2.169;1.909;1.849;1;1;1
2022-09-08 17:24:09;018e8f3e-ae2f-40bc-89c1-bc3fe20eb462;2.169;1.899;1.839;0;1;1
2022-09-08 17:47:08;018e8f3e-ae2f-40bc-89c1-bc3fe20eb462;2.159;1.899;1.839;1;0;0
2022-09-08 17:59:08;018e8f3e-ae2f-40bc-89c1-bc3fe20eb462;2.149;1.899;1.839;1;0;0
2022-09-08 18:39:08;018e8f3e-ae2f-40bc-89c1-bc3fe20eb462;2.139;1.879;1.819;1;1;1
2022-09-08 19:01:06;018e8f3e-ae2f-40bc-89c1-bc3fe20eb462;2.169;1.909;1.849;1;1;1
2022-09-08 20:16:08;018e8f3e-ae2f-40bc-89c1-bc3fe20eb462;2.149;1.899;1.839;1;1;1
2022-09-08 20:42:08;018e8f3e-ae2f-40bc-89c1-bc3fe20eb462;2.139;1.879;1.819;1;1;1
2022-09-09 05:01:07;018e8f3e-ae2f-40bc-89c1-bc3fe20eb462;2.189;2.159;2.099;1;1;1
2022-09-09 07:45:07;018e8f3e-ae2f-40bc-89c1-bc3fe20eb462;2.159;1.899;1.839;1;1;1
2022-09-09 09:11:07;018e8f3e-ae2f-40bc-89c1-bc3fe20eb462;2.209;1.949;1.889;1;1;1
2022-09-09 11:09:08;018e8f3e-ae2f-40bc-89c1-bc3fe20eb462;2.209;1.929;1.869;0;1;1
2022-09-09 11:23:08;018e8f3e-ae2f-40bc-89c1-bc3fe20eb462;2.189;1.879;1.819;1;1;1
2022-09-09 11:30:09;018e8f3e-ae2f-40bc-89c1-bc3fe20eb462;2.169;1.879;1.819;1;0;0
2022-09-09 11:39:08;018e8f3e-ae2f-40bc-89c1-bc3fe20eb462;2.159;1.879;1.819;1;0;0
2022-09-09 11:51:08;018e8f3e-ae2f-40bc-89c1-bc3fe20eb462;2.159;1.869;1.809;0;1;1
2022-09-09 12:02:08;018e8f3e-ae2f-40bc-89c1-bc3fe20eb462;2.209;1.919;1.859;1;1;1
2022-09-09 12:11:07;018e8f3e-ae2f-40bc-89c1-bc3fe20eb462;2.199;1.909;1.849;1;1;1
2022-09-09 14:05:09;018e8f3e-ae2f-40bc-89c1-bc3fe20eb462;2.189;1.899;1.839;1;1;1
2022-09-09 14:23:09;018e8f3e-ae2f-40bc-89c1-bc3fe20eb462;2.189;1.879;1.819;0;1;1
2022-09-09 14:29:08;018e8f3e-ae2f-40bc-89c1-bc3fe20eb462;2.159;1.869;1.809;1;1;1
2022-09-09 14:37:09;018e8f3e-ae2f-40bc-89c1-bc3fe20eb462;2.149;1.859;1.799;1;1;1
2022-09-09 15:07:10;018e8f3e-ae2f-40bc-89c1-bc3fe20eb462;2.189;1.899;1.839;1;1;1
2022-09-09 16:27:07;018e8f3e-ae2f-40bc-89c1-bc3fe20eb462;2.149;1.859;1.799;1;1;1
2022-09-09 17:08:10;018e8f3e-ae2f-40bc-89c1-bc3fe20eb462;2.169;1.879;1.819;1;1;1
2022-09-09 18:12:09;018e8f3e-ae2f-40bc-89c1-bc3fe20eb462;2.149;1.859;1.799;1;1;1
2022-09-09 18:38:08;018e8f3e-ae2f-40bc-89c1-bc3fe20eb462;2.139;1.849;1.789;1;1;1
2022-09-09 19:01:07;018e8f3e-ae2f-40bc-89c1-bc3fe20eb462;2.169;1.879;1.819;1;1;1
2022-09-09 20:16:08;018e8f3e-ae2f-40bc-89c1-bc3fe20eb462;2.169;1.869;1.809;0;1;1
2022-09-09 20:29:08;018e8f3e-ae2f-40bc-89c1-bc3fe20eb462;2.159;1.869;1.809;1;0;0
2022-09-09 20:37:08;018e8f3e-ae2f-40bc-89c1-bc3fe20eb462;2.139;1.849;1.789;1;1;1
2022-09-10 05:02:13;018e8f3e-ae2f-40bc-89c1-bc3fe20eb462;2.179;2.149;2.089;1;1;1
2022-09-10 07:45:07;018e8f3e-ae2f-40bc-89c1-bc3fe20eb462;2.179;1.909;1.849;0;1;1
2022-09-10 09:03:08;018e8f3e-ae2f-40bc-89c1-bc3fe20eb462;2.229;1.959;1.899;1;1;1
2022-09-10 09:38:09;018e8f3e-ae2f-40bc-89c1-bc3fe20eb462;2.189;1.959;1.899;1;0;0
2022-09-10 11:08:08;018e8f3e-ae2f-40bc-89c1-bc3fe20eb462;2.189;1.949;1.889;0;1;1
2022-09-10 11:16:09;018e8f3e-ae2f-40bc-89c1-bc3fe20eb462;2.189;1.879;1.819;0;1;1
2022-09-10 11:24:10;018e8f3e-ae2f-40bc-89c1-bc3fe20eb462;2.159;1.879;1.819;1;0;0
2022-09-10 11:48:09;018e8f3e-ae2f-40bc-89c1-bc3fe20eb462;2.149;1.879;1.819;1;0;0
2022-09-10 12:05:08;018e8f3e-ae2f-40bc-89c1-bc3fe20eb462;2.199;1.929;1.869;1;1;1
2022-09-10 12:16:08;018e8f3e-ae2f-40bc-89c1-bc3fe20eb462;2.189;1.929;1.869;1;0;0
2022-09-10 12:43:09;018e8f3e-ae2f-40bc-89c1-bc3fe20eb462;2.189;1.919;1.859;0;1;1
2022-09-10 13:34:09;018e8f3e-ae2f-40bc-89c1-bc3fe20eb462;2.189;1.899;1.839;0;1;1
2022-09-10 13:45:07;018e8f3e-ae2f-40bc-89c1-bc3fe20eb462;2.189;1.879;1.819;0;1;1
2022-09-10 14:23:09;018e8f3e-ae2f-40bc-89c1-bc3fe20eb462;2.179;1.879;1.819;1;0;0
2022-09-10 14:31:07;018e8f3e-ae2f-40bc-89c1-bc3fe20eb462;2.139;1.849;1.789;1;1;1
2022-09-10 15:03:09;018e8f3e-ae2f-40bc-89c1-bc3fe20eb462;2.179;1.889;1.829;1;1;1
2022-09-10 16:29:08;018e8f3e-ae2f-40bc-89c1-bc3fe20eb462;2.139;1.849;1.789;1;1;1
2022-09-10 17:11:07;018e8f3e-ae2f-40bc-89c1-bc3fe20eb462;2.159;1.869;1.809;1;1;1
2022-09-10 18:08:09;018e8f3e-ae2f-40bc-89c1-bc3fe20eb462;2.139;1.849;1.789;1;1;1
2022-09-10 19:01:06;018e8f3e-ae2f-40bc-89c1-bc3fe20eb462;2.169;1.879;1.819;1;1;1
2022-09-10 20:34:08;018e8f3e-ae2f-40bc-89c1-bc3fe20eb462;2.149;1.859;1.799;1;1;1
2022-09-10 20:45:07;018e8f3e-ae2f-40bc-89c1-bc3fe20eb462;2.139;1.849;1.789;1;1;1
2022-09-11 05:01:06;018e8f3e-ae2f-40bc-89c1-bc3fe20eb462;2.179;2.149;2.089;1;1;1
2022-09-11 07:46:15;018e8f3e-ae2f-40bc-89c1-bc3fe20eb462;2.179;1.909;1.849;0;1;1
2022-09-11 09:02:09;018e8f3e-ae2f-40bc-89c1-bc3fe20eb462;2.229;1.959;1.899;1;1;1
2022-09-11 09:04:09;018e8f3e-ae2f-40bc-89c1-bc3fe20eb462;2.189;1.899;1.839;1;1;1
2022-09-11 11:15:07;018e8f3e-ae2f-40bc-89c1-bc3fe20eb462;2.189;1.879;1.819;0;1;1
2022-09-11 11:31:07;018e8f3e-ae2f-40bc-89c1-bc3fe20eb462;2.159;1.879;1.819;1;0;0
2022-09-11 11:37:09;018e8f3e-ae2f-40bc-89c1-bc3fe20eb462;2.149;1.879;1.819;1;0;0
2022-09-11 12:03:08;018e8f3e-ae2f-40bc-89c1-bc3fe20eb462;2.199;1.929;1.869;1;1;1
2022-09-11 12:39:09;018e8f3e-ae2f-40bc-89c1-bc3fe20eb462;2.199;1.919;1.859;0;1;1
2022-09-11 13:27:08;018e8f3e-ae2f-40bc-89c1-bc3fe20eb462;2.179;1.899;1.839;1;1;1
2022-09-11 14:13:09;018e8f3e-ae2f-40bc-89c1-bc3fe20eb462;2.179;1.879;1.819;0;1;1
2022-09-11 14:28:08;018e8f3e-ae2f-40bc-89c1-bc3fe20eb462;2.149;1.859;1.799;1;1;1
2022-09-11 14:41:06;018e8f3e-ae2f-40bc-89c1-bc3fe20eb462;2.139;1.849;1.789;1;1;1
2022-09-11 15:02:09;018e8f3e-ae2f-40bc-89c1-bc3fe20eb462;2.179;1.889;1.829;1;1;1
2022-09-11 16:24:08;018e8f3e-ae2f-40bc-89c1-bc3fe20eb462;2.139;1.849;1.789;1;1;1
2022-09-11 17:07:08;018e8f3e-ae2f-40bc-89c1-bc3fe20eb462;2.159;1.869;1.809;1;1;1
2022-09-11 18:09:09;018e8f3e-ae2f-40bc-89c1-bc3fe20eb462;2.139;1.849;1.789;1;1;1
2022-09-11 19:01:14;018e8f3e-ae2f-40bc-89c1-bc3fe20eb462;2.169;1.879;1.819;1;1;1
2022-09-11 20:15:07;018e8f3e-ae2f-40bc-89c1-bc3fe20eb462;2.169;1.869;1.809;0;1;1
2022-09-11 20:32:09;018e8f3e-ae2f-40bc-89c1-bc3fe20eb462;2.149;1.859;1.799;1;1;1
2022-09-11 20:40:09;018e8f3e-ae2f-40bc-89c1-bc3fe20eb462;2.139;1.849;1.789;1;1;1
2022-09-12 05:01:08;018e8f3e-ae2f-40bc-89c1-bc3fe20eb462;2.179;2.149;2.089;1;1;1
2022-09-12 07:41:06;018e8f3e-ae2f-40bc-89c1-bc3fe20eb462;2.159;1.869;1.809;1;1;1
2022-09-12 09:01:07;018e8f3e-ae2f-40bc-89c1-bc3fe20eb462;2.209;1.919;1.859;1;1;1
2022-09-12 11:22:09;018e8f3e-ae2f-40bc-89c1-bc3fe20eb462;2.149;1.879;1.819;1;1;1
2022-09-12 12:11:07;018e8f3e-ae2f-40bc-89c1-bc3fe20eb462;2.189;1.919;1.859;1;1;1
2022-09-12 12:18:09;018e8f3e-ae2f-40bc-89c1-bc3fe20eb462;2.179;1.909;1.849;1;1;1
2022-09-12 14:12:09;018e8f3e-ae2f-40bc-89c1-bc3fe20eb462;2.139;1.879;1.819;1;1;1
2022-09-12 14:33:08;018e8f3e-ae2f-40bc-89c1-bc3fe20eb462;2.139;1.869;1.809;0;1;1
2022-09-12 14:35:09;018e8f3e-ae2f-40bc-89c1-bc3fe20eb462;2.129;1.859;1.799;1;1;1
2022-09-12 15:01:08;018e8f3e-ae2f-40bc-89c1-bc3fe20eb462;2.169;1.899;1.839;1;1;1
2022-09-12 15:09:09;018e8f3e-ae2f-40bc-89c1-bc3fe20eb462;2.159;1.899;1.839;1;0;0
2022-09-12 16:36:06;018e8f3e-ae2f-40bc-89c1-bc3fe20eb462;2.129;1.859;1.799;1;1;1
2022-09-12 17:07:09;018e8f3e-ae2f-40bc-89c1-bc3fe20eb462;2.149;1.879;1.819;1;1;1
2022-09-12 17:12:09;018e8f3e-ae2f-40bc-89c1-bc3fe20eb462;2.139;1.879;1.819;1;0;0
2022-09-12 18:13:10;018e8f3e-ae2f-40bc-89c1-bc3fe20eb462;2.139;1.859;1.799;0;1;1
2022-09-12 18:33:11;018e8f3e-ae2f-40bc-89c1-bc3fe20eb462;2.129;1.859;1.799;1;0;0
2022-09-12 18:41:09;018e8f3e-ae2f-40bc-89c1-bc3fe20eb462;2.119;1.859;1.799;1;0;0
2022-09-12 19:03:09;018e8f3e-ae2f-40bc-89c1-bc3fe20eb462;2.149;1.889;1.829;1;1;1
2022-09-12 20:33:10;018e8f3e-ae2f-40bc-89c1-bc3fe20eb462;2.129;1.869;1.809;1;1;1
2022-09-12 20:40:09;018e8f3e-ae2f-40bc-89c1-bc3fe20eb462;2.119;1.859;1.799;1;1;1
2022-09-13 05:01:09;018e8f3e-ae2f-40bc-89c1-bc3fe20eb462;2.179;2.139;2.079;1;1;1
2022-09-13 07:42:09;018e8f3e-ae2f-40bc-89c1-bc3fe20eb462;2.139;1.879;1.819;1;1;1
2022-09-13 09:01:09;018e8f3e-ae2f-40bc-89c1-bc3fe20eb462;2.189;1.929;1.869;1;1;1
2022-09-13 09:44:09;018e8f3e-ae2f-40bc-89c1-bc3fe20eb462;2.189;1.899;1.839;0;1;1
2022-09-13 10:29:13;018e8f3e-ae2f-40bc-89c1-bc3fe20eb462;2.189;1.879;1.819;0;1;1
2022-09-13 11:21:09;018e8f3e-ae2f-40bc-89c1-bc3fe20eb462;2.179;1.879;1.819;1;0;0
2022-09-13 11:29:10;018e8f3e-ae2f-40bc-89c1-bc3fe20eb462;2.139;1.869;1.809;1;1;1
2022-09-13 12:15:10;018e8f3e-ae2f-40bc-89c1-bc3fe20eb462;2.189;1.919;1.859;1;1;1
2022-09-13 12:19:11;018e8f3e-ae2f-40bc-89c1-bc3fe20eb462;2.189;1.909;1.849;0;1;1
2022-09-13 12:40:09;018e8f3e-ae2f-40bc-89c1-bc3fe20eb462;2.189;1.899;1.839;0;1;1
2022-09-13 13:35:08;018e8f3e-ae2f-40bc-89c1-bc3fe20eb462;2.179;1.899;1.839;1;0;0
2022-09-13 14:10:09;018e8f3e-ae2f-40bc-89c1-bc3fe20eb462;2.159;1.879;1.819;1;1;1
2022-09-13 14:20:09;018e8f3e-ae2f-40bc-89c1-bc3fe20eb462;2.139;1.869;1.809;1;1;1
2022-09-13 14:29:09;018e8f3e-ae2f-40bc-89c1-bc3fe20eb462;2.139;1.859;1.799;0;1;1
2022-09-13 14:35:09;018e8f3e-ae2f-40bc-89c1-bc3fe20eb462;2.129;1.849;1.789;1;1;1
2022-09-13 15:08:12;018e8f3e-ae2f-40bc-89c1-bc3fe20eb462;2.169;1.889;1.829;1;1;1
2022-09-13 16:31:08;018e8f3e-ae2f-40bc-89c1-bc3fe20eb462;2.129;1.849;1.789;1;1;1
2022-09-13 17:10:09;018e8f3e-ae2f-40bc-89c1-bc3fe20eb462;2.149;1.869;1.809;1;1;1
2022-09-13 18:42:09;018e8f3e-ae2f-40bc-89c1-bc3fe20eb462;2.129;1.839;1.779;1;1;1
2022-09-13 19:05:08;018e8f3e-ae2f-40bc-89c1-bc3fe20eb462;2.159;1.869;1.809;1;1;1
2022-09-13 20:31:08;018e8f3e-ae2f-40bc-89c1-bc3fe20eb462;2.139;1.849;1.789;1;1;1
2022-09-13 20:40:09;018e8f3e-ae2f-40bc-89c1-bc3fe20eb462;2.129;1.839;1.779;1;1;1
2022-09-14 05:01:09;018e8f3e-ae2f-40bc-89c1-bc3fe20eb462;2.179;2.139;2.079;1;1;1
2022-09-14 07:46:11;018e8f3e-ae2f-40bc-89c1-bc3fe20eb462;2.179;1.899;1.839;0;1;1
2022-09-14 09:05:09;018e8f3e-ae2f-40bc-89c1-bc3fe20eb462;2.229;1.949;1.889;1;1;1
2022-09-14 09:30:11;018e8f3e-ae2f-40bc-89c1-bc3fe20eb462;2.169;1.949;1.889;1;0;0
2022-09-14 09:39:10;018e8f3e-ae2f-40bc-89c1-bc3fe20eb462;2.169;1.899;1.839;0;1;1
2022-09-14 10:38:09;018e8f3e-ae2f-40bc-89c1-bc3fe20eb462;2.169;1.879;1.819;0;1;1
2022-09-14 10:42:09;018e8f3e-ae2f-40bc-89c1-bc3fe20eb462;2.169;1.859;1.799;0;1;1
2022-09-14 11:26:09;018e8f3e-ae2f-40bc-89c1-bc3fe20eb462;2.129;1.859;1.799;1;0;0
2022-09-14 11:45:10;018e8f3e-ae2f-40bc-89c1-bc3fe20eb462;2.129;1.849;1.789;0;1;1
2022-09-14 12:02:09;018e8f3e-ae2f-40bc-89c1-bc3fe20eb462;2.179;1.899;1.839;1;1;1
2022-09-14 12:17:14;018e8f3e-ae2f-40bc-89c1-bc3fe20eb462;2.169;1.899;1.839;1;0;0
2022-09-14 14:31:09;018e8f3e-ae2f-40bc-89c1-bc3fe20eb462;2.129;1.859;1.799;1;1;1
2022-09-14 15:05:09;018e8f3e-ae2f-40bc-89c1-bc3fe20eb462;2.169;1.899;1.839;1;1;1
2022-09-14 15:08:09;018e8f3e-ae2f-40bc-89c1-bc3fe20eb462;2.159;1.889;1.829;1;1;1
2022-09-14 15:14:09;018e8f3e-ae2f-40bc-89c1-bc3fe20eb462;2.149;1.889;1.829;1;0;0
2022-09-14 16:50:09;018e8f3e-ae2f-40bc-89c1-bc3fe20eb462;2.139;1.879;1.819;1;1;1
2022-09-14 17:05:08;018e8f3e-ae2f-40bc-89c1-bc3fe20eb462;2.159;1.899;1.839;1;1;1
2022-09-14 17:14:09;018e8f3e-ae2f-40bc-89c1-bc3fe20eb462;2.139;1.889;1.829;1;1;1
2022-09-14 17:28:09;018e8f3e-ae2f-40bc-89c1-bc3fe20eb462;2.129;1.879;1.819;1;1;1
2022-09-14 18:23:09;018e8f3e-ae2f-40bc-89c1-bc3fe20eb462;2.129;1.869;1.809;0;1;1
2022-09-14 18:40:09;018e8f3e-ae2f-40bc-89c1-bc3fe20eb462;2.099;1.849;1.789;1;1;1
2022-09-14 19:05:10;018e8f3e-ae2f-40bc-89c1-bc3fe20eb462;2.129;1.879;1.819;1;1;1
2022-09-14 20:36:06;018e8f3e-ae2f-40bc-89c1-bc3fe20eb462;2.099;1.849;1.789;1;1;1
2022-09-15 05:01:09;018e8f3e-ae2f-40bc-89c1-bc3fe20eb462;2.149;2.129;2.069;1;1;1
2022-09-15 07:43:12;018e8f3e-ae2f-40bc-89c1-bc3fe20eb462;2.149;1.909;1.849;0;1;1
2022-09-15 09:01:10;018e8f3e-ae2f-40bc-89c1-bc3fe20eb462;2.199;1.959;1.899;1;1;1
2022-09-15 09:33:11;018e8f3e-ae2f-40bc-89c1-bc3fe20eb462;2.149;1.959;1.899;1;0;0
2022-09-15 10:36:06;018e8f3e-ae2f-40bc-89c1-bc3fe20eb462;2.149;1.949;1.889;0;1;1
2022-09-15 10:39:10;018e8f3e-ae2f-40bc-89c1-bc3fe20eb462;2.149;1.919;1.859;0;1;1
2022-09-15 11:18:09;018e8f3e-ae2f-40bc-89c1-bc3fe20eb462;2.109;1.859;1.799;1;1;1
2022-09-15 12:10:09;018e8f3e-ae2f-40bc-89c1-bc3fe20eb462;2.159;1.909;1.849;1;1;1
2022-09-15 12:13:10;018e8f3e-ae2f-40bc-89c1-bc3fe20eb462;2.149;1.899;1.839;1;1;1
2022-09-15 13:27:09;018e8f3e-ae2f-40bc-89c1-bc3fe20eb462;2.139;1.899;1.839;1;0;0
2022-09-15 13:51:17;018e8f3e-ae2f-40bc-89c1-bc3fe20eb462;2.109;1.859;1.799;1;1;1
2022-09-15 14:16:09;018e8f3e-ae2f-40bc-89c1-bc3fe20eb462;2.089;1.859;1.799;1;0;0
2022-09-15 14:34:09;018e8f3e-ae2f-40bc-89c1-bc3fe20eb462;2.079;1.849;1.789;1;1;1
2022-09-15 15:02:09;018e8f3e-ae2f-40bc-89c1-bc3fe20eb462;2.119;1.889;1.829;1;1;1
2022-09-15 15:12:08;018e8f3e-ae2f-40bc-89c1-bc3fe20eb462;2.109;1.879;1.819;1;1;1
2022-09-15 16:52:10;018e8f3e-ae2f-40bc-89c1-bc3fe20eb462;2.099;1.869;1.809;1;1;1
2022-09-15 17:07:10;018e8f3e-ae2f-40bc-89c1-bc3fe20eb462;2.119;1.889;1.829;1;1;1
2022-09-15 17:16:10;018e8f3e-ae2f-40bc-89c1-bc3fe20eb462;2.089;1.869;1.809;1;1;1
2022-09-15 17:58:09;018e8f3e-ae2f-40bc-89c1-bc3fe20eb462;2.079;1.869;1.809;1;0;0
2022-09-15 18:32:09;018e8f3e-ae2f-40bc-89c1-bc3fe20eb462;2.079;1.859;1.799;0;1;1
2022-09-15 18:39:10;018e8f3e-ae2f-40bc-89c1-bc3fe20eb462;2.059;1.849;1.789;1;1;1
2022-09-15 18:48:09;018e8f3e-ae2f-40bc-89c1-bc3fe20eb462;2.059;1.839;1.779;0;1;1
2022-09-15 19:05:09;018e8f3e-ae2f-40bc-89c1-bc3fe20eb462;2.089;1.869;1.809;1;1;1
2022-09-15 20:37:09;018e8f3e-ae2f-40bc-89c1-bc3fe20eb462;2.069;1.839;1.779;1;1;1
2022-09-15 20:48:09;018e8f3e-ae2f-40bc-89c1-bc3fe20eb462;2.059;1.839;1.779;1;0;0
2022-09-16 05:01:09;018e8f3e-ae2f-40bc-89c1-bc3fe20eb462;2.129;2.129;2.069;1;1;1
2022-09-16 07:48:09;018e8f3e-ae2f-40bc-89c1-bc3fe20eb462;2.079;1.859;1.799;1;1;1
2022-09-16 09:07:08;018e8f3e-ae2f-40bc-89c1-bc3fe20eb462;2.129;1.909;1.849;1;1;1
2022-09-16 10:30:12;018e8f3e-ae2f-40bc-89c1-bc3fe20eb462;2.129;1.889;1.829;0;1;1
2022-09-16 11:14:09;018e8f3e-ae2f-40bc-89c1-bc3fe20eb462;2.109;1.879;1.819;1;1;1
2022-09-16 11:24:09;018e8f3e-ae2f-40bc-89c1-bc3fe20eb462;2.059;1.849;1.789;1;1;1
2022-09-16 12:09:10;018e8f3e-ae2f-40bc-89c1-bc3fe20eb462;2.109;1.899;1.839;1;1;1
2022-09-16 12:12:09;018e8f3e-ae2f-40bc-89c1-bc3fe20eb462;2.099;1.889;1.829;1;1;1
2022-09-16 12:18:09;018e8f3e-ae2f-40bc-89c1-bc3fe20eb462;2.099;1.879;1.819;0;1;1
2022-09-16 14:10:09;018e8f3e-ae2f-40bc-89c1-bc3fe20eb462;2.089;1.869;1.809;1;1;1
2022-09-16 14:20:09;018e8f3e-ae2f-40bc-89c1-bc3fe20eb462;2.059;1.849;1.789;1;1;1
2022-09-16 14:36:05;018e8f3e-ae2f-40bc-89c1-bc3fe20eb462;2.049;1.829;1.769;1;1;1
2022-09-16 15:17:10;018e8f3e-ae2f-40bc-89c1-bc3fe20eb462;2.089;1.869;1.809;1;1;1
2022-09-16 15:47:10;018e8f3e-ae2f-40bc-89c1-bc3fe20eb462;2.089;1.859;1.799;0;1;1
2022-09-16 16:29:10;018e8f3e-ae2f-40bc-89c1-bc3fe20eb462;2.069;1.859;1.799;1;0;0
2022-09-16 17:13:10;018e8f3e-ae2f-40bc-89c1-bc3fe20eb462;2.089;1.879;1.819;1;1;1
2022-09-16 17:20:09;018e8f3e-ae2f-40bc-89c1-bc3fe20eb462;2.059;1.869;1.809;1;1;1
2022-09-16 18:26:14;018e8f3e-ae2f-40bc-89c1-bc3fe20eb462;2.029;1.829;1.769;1;1;1
2022-09-16 18:41:08;018e8f3e-ae2f-40bc-89c1-bc3fe20eb462;2.019;1.829;1.769;1;0;0
2022-09-16 19:09:10;018e8f3e-ae2f-40bc-89c1-bc3fe20eb462;2.049;1.859;1.799;1;1;1
2022-09-16 20:33:10;018e8f3e-ae2f-40bc-89c1-bc3fe20eb462;2.049;1.849;1.789;0;1;1
2022-09-16 20:37:09;018e8f3e-ae2f-40bc-89c1-bc3fe20eb462;2.019;1.829;1.769;1;1;1
2022-09-17 05:01:08;018e8f3e-ae2f-40bc-89c1-bc3fe20eb462;2.139;2.129;2.069;1;1;1
2022-09-17 07:52:10;018e8f3e-ae2f-40bc-89c1-bc3fe20eb462;2.059;1.879;1.819;1;1;1
2022-09-17 09:09:11;018e8f3e-ae2f-40bc-89c1-bc3fe20eb462;2.109;1.929;1.869;1;1;1
2022-09-17 09:14:09;018e8f3e-ae2f-40bc-89c1-bc3fe20eb462;2.089;1.919;1.859;1;1;1
2022-09-17 09:30:11;018e8f3e-ae2f-40bc-89c1-bc3fe20eb462;2.089;1.899;1.839;0;1;1
2022-09-17 10:47:10;018e8f3e-ae2f-40bc-89c1-bc3fe20eb462;2.089;1.889;1.829;0;1;1
2022-09-17 11:20:09;018e8f3e-ae2f-40bc-89c1-bc3fe20eb462;2.079;1.889;1.829;1;0;0
2022-09-17 11:28:09;018e8f3e-ae2f-40bc-89c1-bc3fe20eb462;2.029;1.849;1.789;1;1;1
2022-09-17 12:03:11;018e8f3e-ae2f-40bc-89c1-bc3fe20eb462;2.079;1.899;1.839;1;1;1
2022-09-17 12:43:10;018e8f3e-ae2f-40bc-89c1-bc3fe20eb462;2.079;1.879;1.819;0;1;1
2022-09-17 13:07:07;018e8f3e-ae2f-40bc-89c1-bc3fe20eb462;2.069;1.879;1.819;1;0;0
2022-09-17 13:13:10;018e8f3e-ae2f-40bc-89c1-bc3fe20eb462;2.019;1.879;1.819;1;0;0
2022-09-17 13:33:10;018e8f3e-ae2f-40bc-89c1-bc3fe20eb462;2.019;1.859;1.799;0;1;1
2022-09-17 13:42:09;018e8f3e-ae2f-40bc-89c1-bc3fe20eb462;2.019;1.839;1.779;0;1;1
2022-09-17 14:36:05;018e8f3e-ae2f-40bc-89c1-bc3fe20eb462;2.019;1.829;1.769;0;1;1
2022-09-17 15:02:09;018e8f3e-ae2f-40bc-89c1-bc3fe20eb462;2.059;1.869;1.809;1;1;1
2022-09-17 15:09:09;018e8f3e-ae2f-40bc-89c1-bc3fe20eb462;2.049;1.859;1.799;1;1;1
2022-09-17 16:31:08;018e8f3e-ae2f-40bc-89c1-bc3fe20eb462;2.049;1.839;1.779;0;1;1
2022-09-17 16:50:12;018e8f3e-ae2f-40bc-89c1-bc3fe20eb462;2.019;1.839;1.779;1;0;0
2022-09-17 17:05:08;018e8f3e-ae2f-40bc-89c1-bc3fe20eb462;2.039;1.859;1.799;1;1;1
2022-09-17 17:13:11;018e8f3e-ae2f-40bc-89c1-bc3fe20eb462;2.029;1.859;1.799;1;0;0
2022-09-17 17:28:09;018e8f3e-ae2f-40bc-89c1-bc3fe20eb462;2.029;1.839;1.779;0;1;1
2022-09-17 18:35:08;018e8f3e-ae2f-40bc-89c1-bc3fe20eb462;2.019;1.829;1.769;1;1;1
2022-09-17 18:46:09;018e8f3e-ae2f-40bc-89c1-bc3fe20eb462;2.009;1.829;1.769;1;0;0
2022-09-17 19:05:08;018e8f3e-ae2f-40bc-89c1-bc3fe20eb462;2.039;1.859;1.799;1;1;1
2022-09-17 19:16:09;018e8f3e-ae2f-40bc-89c1-bc3fe20eb462;2.039;1.849;1.789;0;1;1
2022-09-17 20:19:10;018e8f3e-ae2f-40bc-89c1-bc3fe20eb462;2.029;1.849;1.789;1;0;0
2022-09-17 20:48:09;018e8f3e-ae2f-40bc-89c1-bc3fe20eb462;2.019;1.829;1.769;1;1;1
2022-09-18 05:01:09;018e8f3e-ae2f-40bc-89c1-bc3fe20eb462;2.139;2.129;2.069;1;1;1
2022-09-18 07:53:10;018e8f3e-ae2f-40bc-89c1-bc3fe20eb462;2.049;1.879;1.819;1;1;1
2022-09-18 08:39:10;018e8f3e-ae2f-40bc-89c1-bc3fe20eb462;2.009;1.829;1.769;1;1;1
2022-09-18 09:05:09;018e8f3e-ae2f-40bc-89c1-bc3fe20eb462;2.059;1.879;1.819;1;1;1
2022-09-18 10:25:10;018e8f3e-ae2f-40bc-89c1-bc3fe20eb462;2.009;1.879;1.819;1;0;0
2022-09-18 11:15:10;018e8f3e-ae2f-40bc-89c1-bc3fe20eb462;2.009;1.849;1.789;0;1;1
2022-09-18 12:01:09;018e8f3e-ae2f-40bc-89c1-bc3fe20eb462;2.059;1.899;1.839;1;1;1
2022-09-18 12:37:10;018e8f3e-ae2f-40bc-89c1-bc3fe20eb462;2.059;1.879;1.819;0;1;1
2022-09-18 13:29:10;018e8f3e-ae2f-40bc-89c1-bc3fe20eb462;2.029;1.859;1.799;1;1;1
2022-09-18 13:38:09;018e8f3e-ae2f-40bc-89c1-bc3fe20eb462;2.029;1.839;1.779;0;1;1
2022-09-18 14:02:09;018e8f3e-ae2f-40bc-89c1-bc3fe20eb462;2.019;1.839;1.779;1;0;0
2022-09-18 14:30:11;018e8f3e-ae2f-40bc-89c1-bc3fe20eb462;1.989;1.829;1.769;1;1;1
2022-09-18 14:49:10;018e8f3e-ae2f-40bc-89c1-bc3fe20eb462;1.969;1.829;1.769;1;0;0
2022-09-18 15:02:09;018e8f3e-ae2f-40bc-89c1-bc3fe20eb462;2.009;1.869;1.809;1;1;1
2022-09-18 15:34:09;018e8f3e-ae2f-40bc-89c1-bc3fe20eb462;1.999;1.869;1.809;1;0;0
2022-09-18 16:26:09;018e8f3e-ae2f-40bc-89c1-bc3fe20eb462;1.989;1.859;1.799;1;1;1
2022-09-18 16:48:09;018e8f3e-ae2f-40bc-89c1-bc3fe20eb462;1.989;1.849;1.789;0;1;1
2022-09-18 17:07:10;018e8f3e-ae2f-40bc-89c1-bc3fe20eb462;2.009;1.869;1.809;1;1;1
2022-09-18 17:08:09;018e8f3e-ae2f-40bc-89c1-bc3fe20eb462;1.979;1.869;1.809;1;0;0
2022-09-18 17:17:11;018e8f3e-ae2f-40bc-89c1-bc3fe20eb462;1.979;1.859;1.799;0;1;1
2022-09-18 18:08:09;018e8f3e-ae2f-40bc-89c1-bc3fe20eb462;1.969;1.839;1.779;1;1;1
2022-09-18 18:33:11;018e8f3e-ae2f-40bc-89c1-bc3fe20eb462;1.969;1.829;1.769;0;1;1
2022-09-18 19:04:09;018e8f3e-ae2f-40bc-89c1-bc3fe20eb462;1.999;1.859;1.799;1;1;1
2022-09-18 19:25:11;018e8f3e-ae2f-40bc-89c1-bc3fe20eb462;1.979;1.859;1.799;1;0;0
2022-09-18 20:12:13;018e8f3e-ae2f-40bc-89c1-bc3fe20eb462;1.979;1.849;1.789;0;1;1
2022-09-18 20:33:10;018e8f3e-ae2f-40bc-89c1-bc3fe20eb462;1.969;1.829;1.769;1;1;1
2022-09-19 05:02:09;018e8f3e-ae2f-40bc-89c1-bc3fe20eb462;2.139;2.129;2.069;1;1;1
2022-09-19 07:52:09;018e8f3e-ae2f-40bc-89c1-bc3fe20eb462;1.989;1.849;1.789;1;1;1
2022-09-19 09:03:10;018e8f3e-ae2f-40bc-89c1-bc3fe20eb462;2.039;1.899;1.839;1;1;1
2022-09-19 10:27:10;018e8f3e-ae2f-40bc-89c1-bc3fe20eb462;2.039;1.889;1.829;0;1;1
2022-09-19 11:15:09;018e8f3e-ae2f-40bc-89c1-bc3fe20eb462;2.019;1.879;1.819;1;1;1
2022-09-19 11:26:09;018e8f3e-ae2f-40bc-89c1-bc3fe20eb462;1.989;1.849;1.789;1;1;1
2022-09-19 11:40:12;018e8f3e-ae2f-40bc-89c1-bc3fe20eb462;1.979;1.839;1.779;1;1;1
2022-09-19 12:11:08;018e8f3e-ae2f-40bc-89c1-bc3fe20eb462;2.019;1.879;1.819;1;1;1
2022-09-19 12:24:09;018e8f3e-ae2f-40bc-89c1-bc3fe20eb462;2.009;1.869;1.809;1;1;1
2022-09-19 14:26:10;018e8f3e-ae2f-40bc-89c1-bc3fe20eb462;1.989;1.849;1.789;1;1;1
2022-09-19 14:33:11;018e8f3e-ae2f-40bc-89c1-bc3fe20eb462;1.969;1.829;1.769;1;1;1
2022-09-19 15:01:08;018e8f3e-ae2f-40bc-89c1-bc3fe20eb462;2.009;1.869;1.809;1;1;1
2022-09-19 15:37:10;018e8f3e-ae2f-40bc-89c1-bc3fe20eb462;2.009;1.859;1.799;0;1;1
2022-09-19 16:25:08;018e8f3e-ae2f-40bc-89c1-bc3fe20eb462;1.999;1.859;1.799;1;0;0
2022-09-19 17:01:09;018e8f3e-ae2f-40bc-89c1-bc3fe20eb462;2.019;1.879;1.819;1;1;1
2022-09-19 17:10:09;018e8f3e-ae2f-40bc-89c1-bc3fe20eb462;1.979;1.859;1.799;1;1;1
2022-09-19 17:37:10;018e8f3e-ae2f-40bc-89c1-bc3fe20eb462;1.979;1.849;1.789;0;1;1
2022-09-19 17:44:09;018e8f3e-ae2f-40bc-89c1-bc3fe20eb462;1.979;1.839;1.779;0;1;1
2022-09-19 17:58:09;018e8f3e-ae2f-40bc-89c1-bc3fe20eb462;1.969;1.839;1.779;1;0;0
2022-09-19 18:39:10;018e8f3e-ae2f-40bc-89c1-bc3fe20eb462;1.959;1.819;1.759;1;1;1
2022-09-19 19:01:16;018e8f3e-ae2f-40bc-89c1-bc3fe20eb462;1.989;1.849;1.789;1;1;1
2022-09-19 20:40:09;018e8f3e-ae2f-40bc-89c1-bc3fe20eb462;1.969;1.829;1.769;1;1;1
2022-09-19 20:47:07;018e8f3e-ae2f-40bc-89c1-bc3fe20eb462;1.959;1.819;1.759;1;1;1
2022-09-20 05:01:08;018e8f3e-ae2f-40bc-89c1-bc3fe20eb462;2.119;2.109;2.049;1;1;1
2022-09-20 07:41:08;018e8f3e-ae2f-40bc-89c1-bc3fe20eb462;1.979;1.839;1.779;1;1;1
2022-09-20 09:10:09;018e8f3e-ae2f-40bc-89c1-bc3fe20eb462;2.029;1.889;1.829;1;1;1
2022-09-20 09:42:10;018e8f3e-ae2f-40bc-89c1-bc3fe20eb462;2.009;1.889;1.829;1;0;0
2022-09-20 10:26:09;018e8f3e-ae2f-40bc-89c1-bc3fe20eb462;1.989;1.889;1.829;1;0;0
2022-09-20 10:34:09;018e8f3e-ae2f-40bc-89c1-bc3fe20eb462;1.969;1.889;1.829;1;0;0
2022-09-20 11:21:10;018e8f3e-ae2f-40bc-89c1-bc3fe20eb462;1.969;1.839;1.779;0;1;1
2022-09-20 11:40:09;018e8f3e-ae2f-40bc-89c1-bc3fe20eb462;1.969;1.829;1.769;0;1;1
2022-09-20 12:10:09;018e8f3e-ae2f-40bc-89c1-bc3fe20eb462;2.019;1.879;1.819;1;1;1
2022-09-20 12:18:09;018e8f3e-ae2f-40bc-89c1-bc3fe20eb462;2.019;1.869;1.809;0;1;1
2022-09-20 13:32:09;018e8f3e-ae2f-40bc-89c1-bc3fe20eb462;2.009;1.869;1.809;1;0;0
2022-09-20 13:50:10;018e8f3e-ae2f-40bc-89c1-bc3fe20eb462;2.009;1.859;1.799;0;1;1
2022-09-20 14:16:09;018e8f3e-ae2f-40bc-89c1-bc3fe20eb462;1.969;1.839;1.779;1;1;1
2022-09-20 14:40:09;018e8f3e-ae2f-40bc-89c1-bc3fe20eb462;1.969;1.829;1.769;0;1;1
2022-09-20 14:44:10;018e8f3e-ae2f-40bc-89c1-bc3fe20eb462;1.959;1.819;1.759;1;1;1
2022-09-20 15:02:09;018e8f3e-ae2f-40bc-89c1-bc3fe20eb462;1.999;1.859;1.799;1;1;1
2022-09-20 16:29:09;018e8f3e-ae2f-40bc-89c1-bc3fe20eb462;1.979;1.849;1.789;1;1;1
2022-09-20 17:18:09;018e8f3e-ae2f-40bc-89c1-bc3fe20eb462;1.999;1.869;1.809;1;1;1
2022-09-20 17:26:09;018e8f3e-ae2f-40bc-89c1-bc3fe20eb462;1.989;1.859;1.799;1;1;1
2022-09-20 17:39:10;018e8f3e-ae2f-40bc-89c1-bc3fe20eb462;1.989;1.849;1.789;0;1;1
2022-09-20 17:44:10;018e8f3e-ae2f-40bc-89c1-bc3fe20eb462;1.979;1.839;1.779;1;1;1
2022-09-20 17:53:10;018e8f3e-ae2f-40bc-89c1-bc3fe20eb462;1.979;1.829;1.769;0;1;1
2022-09-20 18:39:10;018e8f3e-ae2f-40bc-89c1-bc3fe20eb462;1.959;1.829;1.769;1;0;0
2022-09-20 18:49:10;018e8f3e-ae2f-40bc-89c1-bc3fe20eb462;1.959;1.819;1.759;0;1;1
2022-09-20 19:07:08;018e8f3e-ae2f-40bc-89c1-bc3fe20eb462;1.989;1.849;1.789;1;1;1
2022-09-20 20:10:09;018e8f3e-ae2f-40bc-89c1-bc3fe20eb462;1.979;1.839;1.779;1;1;1
2022-09-20 20:33:10;018e8f3e-ae2f-40bc-89c1-bc3fe20eb462;1.969;1.829;1.769;1;1;1
2022-09-20 20:43:09;018e8f3e-ae2f-40bc-89c1-bc3fe20eb462;1.959;1.819;1.759;1;1;1
2022-09-21 05:01:10;018e8f3e-ae2f-40bc-89c1-bc3fe20eb462;2.139;2.119;2.059;1;1;1
2022-09-21 07:48:09;018e8f3e-ae2f-40bc-89c1-bc3fe20eb462;1.999;1.879;1.819;1;1;1
2022-09-21 09:03:09;018e8f3e-ae2f-40bc-89c1-bc3fe20eb462;2.049;1.929;1.869;1;1;1
2022-09-21 10:34:09;018e8f3e-ae2f-40bc-89c1-bc3fe20eb462;2.049;1.919;1.859;0;1;1
2022-09-21 11:19:09;018e8f3e-ae2f-40bc-89c1-bc3fe20eb462;1.969;1.839;1.779;1;1;1
2022-09-21 12:05:12;018e8f3e-ae2f-40bc-89c1-bc3fe20eb462;2.019;1.889;1.829;1;1;1
2022-09-21 12:23:09;018e8f3e-ae2f-40bc-89c1-bc3fe20eb462;2.009;1.879;1.819;3;3;3
2022-09-21 13:58:10;018e8f3e-ae2f-40bc-89c1-bc3fe20eb462;2.009;1.869;1.809;0;1;1
2022-09-21 14:05:11;018e8f3e-ae2f-40bc-89c1-bc3fe20eb462;1.999;1.869;1.809;1;0;0
2022-09-21 14:19:10;018e8f3e-ae2f-40bc-89c1-bc3fe20eb462;1.969;1.839;1.779;1;1;1
2022-09-21 15:06:05;018e8f3e-ae2f-40bc-89c1-bc3fe20eb462;2.009;1.879;1.819;1;1;1
2022-09-21 16:25:08;018e8f3e-ae2f-40bc-89c1-bc3fe20eb462;1.989;1.859;1.799;1;1;1
2022-09-21 17:07:08;018e8f3e-ae2f-40bc-89c1-bc3fe20eb462;2.009;1.879;1.819;1;1;1
2022-09-21 17:09:09;018e8f3e-ae2f-40bc-89c1-bc3fe20eb462;1.999;1.869;1.809;1;1;1
2022-09-21 17:17:13;018e8f3e-ae2f-40bc-89c1-bc3fe20eb462;1.989;1.859;1.799;1;1;1
2022-09-21 18:30:10;018e8f3e-ae2f-40bc-89c1-bc3fe20eb462;1.969;1.839;1.779;1;1;1
2022-09-21 18:43:09;018e8f3e-ae2f-40bc-89c1-bc3fe20eb462;1.969;1.829;1.769;0;1;1
2022-09-21 19:02:09;018e8f3e-ae2f-40bc-89c1-bc3fe20eb462;1.999;1.859;1.799;1;1;1
2022-09-21 20:12:09;018e8f3e-ae2f-40bc-89c1-bc3fe20eb462;1.989;1.859;1.799;1;0;0
2022-09-21 20:30:12;018e8f3e-ae2f-40bc-89c1-bc3fe20eb462;1.969;1.839;1.779;1;1;1
2022-09-21 20:37:08;018e8f3e-ae2f-40bc-89c1-bc3fe20eb462;1.969;1.829;1.769;0;1;1
2022-09-22 05:01:09;018e8f3e-ae2f-40bc-89c1-bc3fe20eb462;2.149;2.119;2.059;1;1;1
2022-09-22 07:50:09;018e8f3e-ae2f-40bc-89c1-bc3fe20eb462;1.989;1.849;1.789;1;1;1
2022-09-22 09:09:10;018e8f3e-ae2f-40bc-89c1-bc3fe20eb462;2.039;1.899;1.839;1;1;1
2022-09-22 10:39:10;018e8f3e-ae2f-40bc-89c1-bc3fe20eb462;2.029;1.899;1.839;1;0;0
2022-09-22 11:01:11;018e8f3e-ae2f-40bc-89c1-bc3fe20eb462;2.029;1.859;1.799;0;1;1
2022-09-22 11:20:15;018e8f3e-ae2f-40bc-89c1-bc3fe20eb462;2.009;1.859;1.799;1;0;0
2022-09-22 11:22:09;018e8f3e-ae2f-40bc-89c1-bc3fe20eb462;1.969;1.849;1.789;1;1;1
2022-09-22 12:09:09;018e8f3e-ae2f-40bc-89c1-bc3fe20eb462;2.019;1.899;1.839;1;1;1
2022-09-22 12:30:10;018e8f3e-ae2f-40bc-89c1-bc3fe20eb462;2.019;1.889;1.829;0;1;1
2022-09-22 13:31:08;018e8f3e-ae2f-40bc-89c1-bc3fe20eb462;2.009;1.879;1.819;1;1;1
2022-09-22 13:50:14;018e8f3e-ae2f-40bc-89c1-bc3fe20eb462;1.969;1.879;1.819;1;0;0
2022-09-22 14:10:21;018e8f3e-ae2f-40bc-89c1-bc3fe20eb462;1.969;1.859;1.799;0;1;1
2022-09-22 14:19:11;018e8f3e-ae2f-40bc-89c1-bc3fe20eb462;1.969;1.849;1.789;0;1;1
2022-09-22 14:49:09;018e8f3e-ae2f-40bc-89c1-bc3fe20eb462;1.969;1.839;1.779;0;1;1
2022-09-22 15:06:05;018e8f3e-ae2f-40bc-89c1-bc3fe20eb462;2.009;1.879;1.819;1;1;1
2022-09-22 16:05:10;018e8f3e-ae2f-40bc-89c1-bc3fe20eb462;1.999;1.879;1.819;1;0;0
2022-09-22 16:30:11;018e8f3e-ae2f-40bc-89c1-bc3fe20eb462;1.999;1.859;1.799;0;1;1
2022-09-22 16:36:05;018e8f3e-ae2f-40bc-89c1-bc3fe20eb462;1.959;1.859;1.799;1;0;0
2022-09-22 17:10:09;018e8f3e-ae2f-40bc-89c1-bc3fe20eb462;1.979;1.879;1.819;1;1;1
2022-09-22 17:13:10;018e8f3e-ae2f-40bc-89c1-bc3fe20eb462;1.979;1.859;1.799;0;1;1
2022-09-22 18:28:09;018e8f3e-ae2f-40bc-89c1-bc3fe20eb462;1.959;1.839;1.779;1;1;1
2022-09-22 19:06:05;018e8f3e-ae2f-40bc-89c1-bc3fe20eb462;1.989;1.869;1.809;1;1;1
2022-09-22 20:11:08;018e8f3e-ae2f-40bc-89c1-bc3fe20eb462;1.979;1.859;1.799;1;1;1
2022-09-22 20:34:09;018e8f3e-ae2f-40bc-89c1-bc3fe20eb462;1.959;1.839;1.779;1;1;1
2022-09-23 05:01:09;018e8f3e-ae2f-40bc-89c1-bc3fe20eb462;2.129;2.099;2.039;1;1;1
2022-09-23 07:46:09;018e8f3e-ae2f-40bc-89c1-bc3fe20eb462;1.979;1.859;1.799;1;1;1
2022-09-23 09:01:08;018e8f3e-ae2f-40bc-89c1-bc3fe20eb462;2.029;1.909;1.849;1;1;1
2022-09-23 09:49:09;018e8f3e-ae2f-40bc-89c1-bc3fe20eb462;2.009;1.909;1.849;1;0;0
2022-09-23 10:33:12;018e8f3e-ae2f-40bc-89c1-bc3fe20eb462;1.979;1.859;1.799;1;1;1
2022-09-23 10:45:10;018e8f3e-ae2f-40bc-89c1-bc3fe20eb462;1.959;1.859;1.799;1;0;0
2022-09-23 12:08:09;018e8f3e-ae2f-40bc-89c1-bc3fe20eb462;1.959;1.839;1.779;0;1;1
2022-09-23 12:21:10;018e8f3e-ae2f-40bc-89c1-bc3fe20eb462;2.009;1.889;1.829;1;1;1
2022-09-23 13:31:08;018e8f3e-ae2f-40bc-89c1-bc3fe20eb462;1.999;1.879;1.819;1;1;1
2022-09-23 13:42:09;018e8f3e-ae2f-40bc-89c1-bc3fe20eb462;1.959;1.869;1.809;1;1;1
2022-09-23 14:20:17;018e8f3e-ae2f-40bc-89c1-bc3fe20eb462;1.959;1.849;1.789;0;1;1
2022-09-23 15:06:05;018e8f3e-ae2f-40bc-89c1-bc3fe20eb462;1.999;1.889;1.829;1;1;1
2022-09-23 15:08:09;018e8f3e-ae2f-40bc-89c1-bc3fe20eb462;1.999;1.879;1.819;0;1;1
2022-09-23 16:37:09;018e8f3e-ae2f-40bc-89c1-bc3fe20eb462;1.969;1.869;1.809;1;1;1
2022-09-23 17:04:09;018e8f3e-ae2f-40bc-89c1-bc3fe20eb462;1.989;1.889;1.829;1;1;1
2022-09-23 17:24:09;018e8f3e-ae2f-40bc-89c1-bc3fe20eb462;1.989;1.869;1.809;0;1;1
2022-09-23 18:14:09;018e8f3e-ae2f-40bc-89c1-bc3fe20eb462;1.959;1.839;1.779;1;1;1
2022-09-23 19:01:08;018e8f3e-ae2f-40bc-89c1-bc3fe20eb462;1.989;1.869;1.809;1;1;1
2022-09-23 20:10:09;018e8f3e-ae2f-40bc-89c1-bc3fe20eb462;1.969;1.849;1.789;1;1;1
2022-09-23 20:35:08;018e8f3e-ae2f-40bc-89c1-bc3fe20eb462;1.959;1.839;1.779;1;1;1
2022-09-24 05:02:09;018e8f3e-ae2f-40bc-89c1-bc3fe20eb462;2.119;2.089;2.029;1;1;1
2022-09-24 07:50:09;018e8f3e-ae2f-40bc-89c1-bc3fe20eb462;1.999;1.899;1.839;1;1;1
2022-09-24 09:01:09;018e8f3e-ae2f-40bc-89c1-bc3fe20eb462;2.049;1.949;1.889;1;1;1
2022-09-24 09:11:09;018e8f3e-ae2f-40bc-89c1-bc3fe20eb462;2.019;1.899;1.839;1;1;1
2022-09-24 10:46:09;018e8f3e-ae2f-40bc-89c1-bc3fe20eb462;2.019;1.889;1.829;0;1;1
2022-09-24 11:17:13;018e8f3e-ae2f-40bc-89c1-bc3fe20eb462;2.009;1.889;1.829;1;0;0
2022-09-24 11:47:10;018e8f3e-ae2f-40bc-89c1-bc3fe20eb462;1.999;1.879;1.819;1;1;1
2022-09-24 12:10:10;018e8f3e-ae2f-40bc-89c1-bc3fe20eb462;2.049;1.929;1.869;1;1;1
2022-09-24 12:12:08;018e8f3e-ae2f-40bc-89c1-bc3fe20eb462;2.029;1.929;1.869;1;0;0
2022-09-24 12:20:09;018e8f3e-ae2f-40bc-89c1-bc3fe20eb462;2.029;1.899;1.839;0;1;1
2022-09-24 12:36:05;018e8f3e-ae2f-40bc-89c1-bc3fe20eb462;2.009;1.899;1.839;1;0;0
2022-09-24 12:38:09;018e8f3e-ae2f-40bc-89c1-bc3fe20eb462;2.009;1.889;1.829;0;1;1
2022-09-24 13:28:09;018e8f3e-ae2f-40bc-89c1-bc3fe20eb462;1.999;1.889;1.829;1;0;0
2022-09-24 14:08:08;018e8f3e-ae2f-40bc-89c1-bc3fe20eb462;1.999;1.879;1.819;0;1;1
2022-09-24 14:36:05;018e8f3e-ae2f-40bc-89c1-bc3fe20eb462;1.989;1.879;1.819;1;0;0
2022-09-24 15:06:05;018e8f3e-ae2f-40bc-89c1-bc3fe20eb462;2.029;1.919;1.859;1;1;1
2022-09-24 15:10:09;018e8f3e-ae2f-40bc-89c1-bc3fe20eb462;1.999;1.879;1.819;1;1;1
2022-09-24 17:01:09;018e8f3e-ae2f-40bc-89c1-bc3fe20eb462;2.019;1.899;1.839;1;1;1
2022-09-24 17:11:12;018e8f3e-ae2f-40bc-89c1-bc3fe20eb462;1.979;1.859;1.799;1;1;1
2022-09-24 18:35:08;018e8f3e-ae2f-40bc-89c1-bc3fe20eb462;1.959;1.839;1.779;1;1;1
2022-09-24 19:01:08;018e8f3e-ae2f-40bc-89c1-bc3fe20eb462;1.989;1.869;1.809;1;1;1
2022-09-24 20:11:08;018e8f3e-ae2f-40bc-89c1-bc3fe20eb462;1.979;1.859;1.799;1;1;1
2022-09-24 20:51:08;018e8f3e-ae2f-40bc-89c1-bc3fe20eb462;1.959;1.839;1.779;1;1;1
2022-09-25 05:01:08;018e8f3e-ae2f-40bc-89c1-bc3fe20eb462;2.119;2.089;2.029;1;1;1
2022-09-25 07:44:08;018e8f3e-ae2f-40bc-89c1-bc3fe20eb462;1.999;1.899;1.839;1;1;1
2022-09-25 09:03:09;018e8f3e-ae2f-40bc-89c1-bc3fe20eb462;2.049;1.949;1.889;1;1;1
2022-09-25 09:08:14;018e8f3e-ae2f-40bc-89c1-bc3fe20eb462;2.009;1.889;1.829;1;1;1
2022-09-25 10:27:09;018e8f3e-ae2f-40bc-89c1-bc3fe20eb462;2.009;1.859;1.799;0;1;1
2022-09-25 11:39:10;018e8f3e-ae2f-40bc-89c1-bc3fe20eb462;1.989;1.859;1.799;1;0;0
2022-09-25 12:01:08;018e8f3e-ae2f-40bc-89c1-bc3fe20eb462;2.039;1.909;1.849;1;1;1
2022-09-25 12:26:09;018e8f3e-ae2f-40bc-89c1-bc3fe20eb462;2.019;1.909;1.849;1;0;0
2022-09-25 12:41:08;018e8f3e-ae2f-40bc-89c1-bc3fe20eb462;2.009;1.909;1.849;1;0;0
2022-09-25 13:28:09;018e8f3e-ae2f-40bc-89c1-bc3fe20eb462;1.999;1.869;1.809;1;1;1
2022-09-25 14:15:08;018e8f3e-ae2f-40bc-89c1-bc3fe20eb462;1.969;1.849;1.789;1;1;1
2022-09-25 15:01:08;018e8f3e-ae2f-40bc-89c1-bc3fe20eb462;2.009;1.889;1.829;1;1;1
2022-09-25 15:02:09;018e8f3e-ae2f-40bc-89c1-bc3fe20eb462;1.999;1.879;1.819;1;1;1
2022-09-25 16:43:08;018e8f3e-ae2f-40bc-89c1-bc3fe20eb462;1.969;1.869;1.809;1;1;1
2022-09-25 17:01:08;018e8f3e-ae2f-40bc-89c1-bc3fe20eb462;1.989;1.889;1.829;1;1;1
2022-09-25 17:06:05;018e8f3e-ae2f-40bc-89c1-bc3fe20eb462;1.979;1.859;1.799;1;1;1
2022-09-25 18:28:09;018e8f3e-ae2f-40bc-89c1-bc3fe20eb462;1.969;1.849;1.789;1;1;1
2022-09-25 18:35:08;018e8f3e-ae2f-40bc-89c1-bc3fe20eb462;1.959;1.839;1.779;1;1;1
2022-09-25 19:02:09;018e8f3e-ae2f-40bc-89c1-bc3fe20eb462;1.989;1.869;1.809;1;1;1
2022-09-25 20:13:09;018e8f3e-ae2f-40bc-89c1-bc3fe20eb462;1.979;1.859;1.799;1;1;1
2022-09-25 20:33:10;018e8f3e-ae2f-40bc-89c1-bc3fe20eb462;1.959;1.839;1.779;1;1;1
2022-09-26 05:01:07;018e8f3e-ae2f-40bc-89c1-bc3fe20eb462;2.119;2.089;2.029;1;1;1
2022-09-26 07:44:09;018e8f3e-ae2f-40bc-89c1-bc3fe20eb462;1.979;1.859;1.799;1;1;1
2022-09-26 09:01:08;018e8f3e-ae2f-40bc-89c1-bc3fe20eb462;2.029;1.909;1.849;1;1;1
2022-09-26 10:29:09;018e8f3e-ae2f-40bc-89c1-bc3fe20eb462;2.009;1.889;1.829;1;1;1
2022-09-26 11:08:09;018e8f3e-ae2f-40bc-89c1-bc3fe20eb462;2.009;1.869;1.809;0;1;1
2022-09-26 11:16:09;018e8f3e-ae2f-40bc-89c1-bc3fe20eb462;1.969;1.849;1.789;1;1;1
2022-09-26 12:03:09;018e8f3e-ae2f-40bc-89c1-bc3fe20eb462;2.019;1.899;1.839;1;1;1
2022-09-26 12:26:08;018e8f3e-ae2f-40bc-89c1-bc3fe20eb462;2.019;1.889;1.829;0;1;1
2022-09-26 13:28:09;018e8f3e-ae2f-40bc-89c1-bc3fe20eb462;1.999;1.879;1.819;1;1;1
2022-09-26 14:22:15;018e8f3e-ae2f-40bc-89c1-bc3fe20eb462;1.969;1.849;1.789;1;1;1
2022-09-26 15:04:08;018e8f3e-ae2f-40bc-89c1-bc3fe20eb462;2.009;1.889;1.829;1;1;1
2022-09-26 15:10:09;018e8f3e-ae2f-40bc-89c1-bc3fe20eb462;1.999;1.879;1.819;1;1;1
2022-09-26 16:42:09;018e8f3e-ae2f-40bc-89c1-bc3fe20eb462;1.979;1.869;1.809;1;1;1
2022-09-26 17:14:08;018e8f3e-ae2f-40bc-89c1-bc3fe20eb462;1.979;1.859;1.799;0;1;1
2022-09-26 18:34:09;018e8f3e-ae2f-40bc-89c1-bc3fe20eb462;1.959;1.839;1.779;1;1;1
2022-09-26 19:04:09;018e8f3e-ae2f-40bc-89c1-bc3fe20eb462;1.989;1.869;1.809;1;1;1
2022-09-26 20:09:10;018e8f3e-ae2f-40bc-89c1-bc3fe20eb462;1.979;1.859;1.799;1;1;1
2022-09-26 20:37:14;018e8f3e-ae2f-40bc-89c1-bc3fe20eb462;1.949;1.829;1.769;1;1;1
2022-09-27 05:01:09;018e8f3e-ae2f-40bc-89c1-bc3fe20eb462;2.049;2.029;1.969;1;1;1
2022-09-27 07:38:09;018e8f3e-ae2f-40bc-89c1-bc3fe20eb462;1.969;1.849;1.789;1;1;1
2022-09-27 12:32:09;018e8f3e-ae2f-40bc-89c1-bc3fe20eb462;2.019;1.899;1.839;1;1;1
2022-09-27 13:03:10;018e8f3e-ae2f-40bc-89c1-bc3fe20eb462;1.989;1.899;1.839;1;0;0
2022-09-27 13:14:08;018e8f3e-ae2f-40bc-89c1-bc3fe20eb462;1.949;1.899;1.839;1;0;0
2022-09-27 13:33:10;018e8f3e-ae2f-40bc-89c1-bc3fe20eb462;1.949;1.869;1.809;0;1;1
2022-09-27 13:56:09;018e8f3e-ae2f-40bc-89c1-bc3fe20eb462;1.939;1.849;1.789;1;1;1
2022-09-27 15:11:07;018e8f3e-ae2f-40bc-89c1-bc3fe20eb462;1.979;1.889;1.829;1;1;1
2022-09-27 16:44:09;018e8f3e-ae2f-40bc-89c1-bc3fe20eb462;1.969;1.859;1.799;1;1;1
2022-09-27 17:04:08;018e8f3e-ae2f-40bc-89c1-bc3fe20eb462;1.989;1.879;1.819;1;1;1
2022-09-27 17:37:09;018e8f3e-ae2f-40bc-89c1-bc3fe20eb462;1.989;1.869;1.809;0;1;1
2022-09-27 17:54:13;018e8f3e-ae2f-40bc-89c1-bc3fe20eb462;1.969;1.869;1.809;1;0;0
2022-09-27 18:30:11;018e8f3e-ae2f-40bc-89c1-bc3fe20eb462;1.959;1.869;1.809;1;0;0
2022-09-27 18:37:09;018e8f3e-ae2f-40bc-89c1-bc3fe20eb462;1.949;1.849;1.789;1;1;1
2022-09-27 19:02:09;018e8f3e-ae2f-40bc-89c1-bc3fe20eb462;1.979;1.879;1.819;1;1;1
2022-09-27 19:08:08;018e8f3e-ae2f-40bc-89c1-bc3fe20eb462;1.969;1.859;1.799;1;1;1
2022-09-27 20:36:05;018e8f3e-ae2f-40bc-89c1-bc3fe20eb462;1.939;1.829;1.769;1;1;1
2022-09-28 05:01:09;018e8f3e-ae2f-40bc-89c1-bc3fe20eb462;2.099;2.079;2.019;1;1;1
2022-09-28 07:41:08;018e8f3e-ae2f-40bc-89c1-bc3fe20eb462;1.959;1.849;1.789;1;1;1
2022-09-28 09:05:08;018e8f3e-ae2f-40bc-89c1-bc3fe20eb462;2.009;1.899;1.839;1;1;1
2022-09-28 10:27:09;018e8f3e-ae2f-40bc-89c1-bc3fe20eb462;2.009;1.889;1.829;0;1;1
2022-09-28 11:14:07;018e8f3e-ae2f-40bc-89c1-bc3fe20eb462;1.999;1.859;1.799;1;1;1
2022-09-28 11:38:06;018e8f3e-ae2f-40bc-89c1-bc3fe20eb462;1.969;1.859;1.799;1;0;0
2022-09-28 11:49:09;018e8f3e-ae2f-40bc-89c1-bc3fe20eb462;1.969;1.839;1.779;0;1;1
2022-09-28 12:04:07;018e8f3e-ae2f-40bc-89c1-bc3fe20eb462;2.019;1.889;1.829;1;1;1
2022-09-28 12:14:06;018e8f3e-ae2f-40bc-89c1-bc3fe20eb462;2.009;1.889;1.829;1;0;0
2022-09-28 12:29:17;018e8f3e-ae2f-40bc-89c1-bc3fe20eb462;2.009;1.879;1.819;0;1;1
2022-09-28 13:30:15;018e8f3e-ae2f-40bc-89c1-bc3fe20eb462;1.989;1.869;1.809;1;1;1
2022-09-28 14:14:07;018e8f3e-ae2f-40bc-89c1-bc3fe20eb462;1.989;1.859;1.799;0;1;1
2022-09-28 14:23:09;018e8f3e-ae2f-40bc-89c1-bc3fe20eb462;1.959;1.839;1.779;1;1;1
2022-09-28 15:02:07;018e8f3e-ae2f-40bc-89c1-bc3fe20eb462;1.999;1.879;1.819;1;1;1
2022-09-28 15:07:09;018e8f3e-ae2f-40bc-89c1-bc3fe20eb462;1.989;1.869;1.809;1;1;1
2022-09-28 16:47:09;018e8f3e-ae2f-40bc-89c1-bc3fe20eb462;1.949;1.829;1.769;1;1;1
2022-09-28 17:08:07;018e8f3e-ae2f-40bc-89c1-bc3fe20eb462;1.969;1.849;1.789;1;1;1
2022-09-28 17:31:08;018e8f3e-ae2f-40bc-89c1-bc3fe20eb462;1.959;1.849;1.789;1;0;0
2022-09-28 18:26:07;018e8f3e-ae2f-40bc-89c1-bc3fe20eb462;1.949;1.849;1.789;1;0;0
2022-09-28 18:35:09;018e8f3e-ae2f-40bc-89c1-bc3fe20eb462;1.949;1.829;1.769;0;1;1
2022-09-28 18:47:09;018e8f3e-ae2f-40bc-89c1-bc3fe20eb462;1.939;1.829;1.769;1;0;0
2022-09-28 19:05:07;018e8f3e-ae2f-40bc-89c1-bc3fe20eb462;1.969;1.859;1.799;1;1;1
2022-09-28 20:09:13;018e8f3e-ae2f-40bc-89c1-bc3fe20eb462;1.959;1.839;1.779;1;1;1
2022-09-28 20:37:08;018e8f3e-ae2f-40bc-89c1-bc3fe20eb462;1.939;1.829;1.769;1;1;1
2022-09-29 05:01:07;018e8f3e-ae2f-40bc-89c1-bc3fe20eb462;2.119;2.079;2.019;1;1;1
2022-09-29 07:41:08;018e8f3e-ae2f-40bc-89c1-bc3fe20eb462;1.959;1.849;1.789;1;1;1
2022-09-29 09:01:09;018e8f3e-ae2f-40bc-89c1-bc3fe20eb462;2.009;1.899;1.839;1;1;1
2022-09-29 11:15:11;018e8f3e-ae2f-40bc-89c1-bc3fe20eb462;1.999;1.859;1.799;1;1;1
2022-09-29 11:31:07;018e8f3e-ae2f-40bc-89c1-bc3fe20eb462;1.969;1.839;1.779;1;1;1
2022-09-29 12:09:14;018e8f3e-ae2f-40bc-89c1-bc3fe20eb462;2.019;1.889;1.829;1;1;1
2022-09-29 12:31:09;018e8f3e-ae2f-40bc-89c1-bc3fe20eb462;2.019;1.879;1.819;0;1;1
2022-09-29 13:30:12;018e8f3e-ae2f-40bc-89c1-bc3fe20eb462;2.009;1.869;1.809;1;1;1
2022-09-29 13:52:07;018e8f3e-ae2f-40bc-89c1-bc3fe20eb462;2.009;1.859;1.799;0;1;1
2022-09-29 14:13:09;018e8f3e-ae2f-40bc-89c1-bc3fe20eb462;1.969;1.839;1.779;1;1;1
2022-09-29 14:34:07;018e8f3e-ae2f-40bc-89c1-bc3fe20eb462;1.959;1.839;1.779;1;0;0
2022-09-29 15:07:08;018e8f3e-ae2f-40bc-89c1-bc3fe20eb462;1.999;1.879;1.819;1;1;1
2022-09-29 16:04:06;018e8f3e-ae2f-40bc-89c1-bc3fe20eb462;1.989;1.879;1.819;1;0;0
2022-09-29 16:12:06;018e8f3e-ae2f-40bc-89c1-bc3fe20eb462;1.959;1.879;1.819;1;0;0
2022-09-29 16:30:11;018e8f3e-ae2f-40bc-89c1-bc3fe20eb462;1.959;1.859;1.799;0;1;1
2022-09-29 17:05:08;018e8f3e-ae2f-40bc-89c1-bc3fe20eb462;1.979;1.879;1.819;1;1;1
2022-09-29 17:30:09;018e8f3e-ae2f-40bc-89c1-bc3fe20eb462;1.969;1.879;1.819;1;0;0
2022-09-29 18:14:07;018e8f3e-ae2f-40bc-89c1-bc3fe20eb462;1.969;1.869;1.809;0;1;1
2022-09-29 18:31:07;018e8f3e-ae2f-40bc-89c1-bc3fe20eb462;1.939;1.859;1.799;1;1;1
2022-09-29 18:37:11;018e8f3e-ae2f-40bc-89c1-bc3fe20eb462;1.939;1.839;1.779;0;1;1
2022-09-29 19:01:07;018e8f3e-ae2f-40bc-89c1-bc3fe20eb462;1.969;1.869;1.809;1;1;1
2022-09-29 20:11:08;018e8f3e-ae2f-40bc-89c1-bc3fe20eb462;1.959;1.849;1.789;1;1;1
2022-09-29 20:36:05;018e8f3e-ae2f-40bc-89c1-bc3fe20eb462;1.939;1.829;1.769;1;1;1
2022-09-30 05:02:07;018e8f3e-ae2f-40bc-89c1-bc3fe20eb462;2.139;2.079;2.019;1;1;1
2022-09-30 07:43:10;018e8f3e-ae2f-40bc-89c1-bc3fe20eb462;1.959;1.849;1.789;1;1;1
2022-09-30 09:12:13;018e8f3e-ae2f-40bc-89c1-bc3fe20eb462;2.009;1.899;1.839;1;1;1
2022-09-30 09:45:09;018e8f3e-ae2f-40bc-89c1-bc3fe20eb462;2.009;1.889;1.829;0;1;1
2022-09-30 10:32:07;018e8f3e-ae2f-40bc-89c1-bc3fe20eb462;2.009;1.859;1.799;0;1;1
2022-09-30 10:40:07;018e8f3e-ae2f-40bc-89c1-bc3fe20eb462;2.009;1.839;1.779;0;1;1
2022-09-30 11:17:09;018e8f3e-ae2f-40bc-89c1-bc3fe20eb462;1.979;1.839;1.779;1;0;0
2022-09-30 12:06:18;018e8f3e-ae2f-40bc-89c1-bc3fe20eb462;2.029;1.889;1.829;1;1;1
2022-09-30 12:30:11;018e8f3e-ae2f-40bc-89c1-bc3fe20eb462;2.009;1.889;1.829;1;0;0
2022-09-30 13:31:08;018e8f3e-ae2f-40bc-89c1-bc3fe20eb462;1.999;1.879;1.819;1;1;1
2022-09-30 14:08:06;018e8f3e-ae2f-40bc-89c1-bc3fe20eb462;1.999;1.859;1.799;0;1;1
2022-09-30 14:16:06;018e8f3e-ae2f-40bc-89c1-bc3fe20eb462;1.979;1.849;1.789;1;1;1
2022-09-30 14:34:06;018e8f3e-ae2f-40bc-89c1-bc3fe20eb462;1.979;1.839;1.779;0;1;1
2022-09-30 15:05:10;018e8f3e-ae2f-40bc-89c1-bc3fe20eb462;2.019;1.879;1.819;1;1;1
2022-09-30 15:42:07;018e8f3e-ae2f-40bc-89c1-bc3fe20eb462;1.999;1.879;1.819;1;0;0
2022-09-30 16:32:08;018e8f3e-ae2f-40bc-89c1-bc3fe20eb462;1.959;1.859;1.799;1;1;1
2022-09-30 17:06:05;018e8f3e-ae2f-40bc-89c1-bc3fe20eb462;1.979;1.879;1.819;1;1;1
2022-09-30 17:19:09;018e8f3e-ae2f-40bc-89c1-bc3fe20eb462;1.979;1.859;1.799;0;1;1
2022-09-30 17:42:07;018e8f3e-ae2f-40bc-89c1-bc3fe20eb462;1.959;1.859;1.799;1;0;0
2022-09-30 18:12:07;018e8f3e-ae2f-40bc-89c1-bc3fe20eb462;1.939;1.859;1.799;1;0;0
2022-09-30 18:31:08;018e8f3e-ae2f-40bc-89c1-bc3fe20eb462;1.939;1.839;1.779;0;1;1
2022-09-30 19:06:05;018e8f3e-ae2f-40bc-89c1-bc3fe20eb462;1.969;1.869;1.809;1;1;1
2022-09-30 19:12:07;018e8f3e-ae2f-40bc-89c1-bc3fe20eb462;1.969;1.849;1.789;0;1;1
2022-09-30 19:29:09;018e8f3e-ae2f-40bc-89c1-bc3fe20eb462;1.969;1.839;1.779;0;1;1
2022-09-30 20:39:11;018e8f3e-ae2f-40bc-89c1-bc3fe20eb462;1.949;1.809;1.749;1;1;1
